"block","gene","baseMean","log2FC","lfcSE","pvalue","padj","dir","mean_norm_Control","mean_norm_rLLB","stars"
"Immune","Ptprc",189.788347369964,0.629821810828822,0.464420489417322,0.175052841429072,0.311499693623227,"ns",149.040478508343,230.536216231586,"ns"
"Immune","Cd68",172.310050975873,0.124390591366738,0.46968503593364,0.791134022823016,0.872452308793449,"ns",165.245422172668,179.374679779079,"ns"
"Immune","Adgre1",695.610057889786,-0.0879742261315241,0.798545414957478,0.912276065720472,0.947922125971209,"ns",716.880631294016,674.339484485556,"ns"
"Immune","Mrc1",302.455447798905,-0.0840734881324525,0.440492327719226,0.848633282923191,0.910170917957251,"ns",311.454555929193,293.456339668617,"ns"
"Immune","Csf1r",664.385064246009,-0.732058641547992,0.605911182033604,0.226972403586808,0.376128173243692,"ns",829.616885563727,499.153242928291,"ns"
"Fibroblast identity","Tcf21",94.2580022082716,-0.820902615744588,0.453224577642721,0.0701022983395451,0.157555482688826,"ns",120.640187699235,67.8758167173081,"ns"
"Fibroblast identity","Pdgfra",468.125165992617,-0.748892857291878,0.412689765999427,0.0695757112447129,0.156655881031086,"ns",587.211274839964,349.039057145269,"ns"
"Matrix production","Col1a1",4482.1409614959,-2.8282861347426,0.625453437468627,6.12646827841158e-06,8.86505168722319e-05,"down",7858.13551850158,1106.14640449022,"****"
"Matrix production","Col3a1",11781.3800449908,-2.81895796381177,0.384116961802464,2.15515681765695e-13,2.00095361861818e-11,"down",20638.5204750912,2924.23961489043,"****"
"Matrix production","Postn",208.430292576568,-2.78112624008308,0.373497182813589,9.60836663302495e-14,9.37193603834714e-12,"down",364.008363591497,52.8522215616391,"****"
"Matrix production","Eln",1338.51678541403,-2.83458721948862,0.645539250042681,1.12810948028793e-05,0.000149513257990527,"down",2348.1765551205,328.857015707567,"***"
"Matrix production","Fbn1",1887.27412597129,-2.56987952299455,0.613044789234961,2.76514415329666e-05,0.000315015963185935,"down",3230.62298203543,543.925269907155,"***"
