"family","sum_mean_TPM_Control","n_genes_in_TPM","colour_group"
"K2P",31.36444725,14,"K2P"
"TMEM16",27.36087675,10,"TMEM16"
"LRRC8 (VRAC)",17.607871,5,"LRRC8 (VRAC)"
"ClC",14.55253,7,"ClC"
"TMEM63",13.12034925,3,"TMEM63"
"TRPML",5.46596275,3,"TRPML"
"TMC",4.57539025,8,"Other families"
"TRPP",4.0868875,7,"Other families"
"TRPM",3.3442885,8,"Other families"
"TRPC",2.03631025,7,"Other families"
"PIEZO",1.00656225,2,"Other families"
"TRPV",0.51684475,6,"Other families"
"ENaC/ASIC",0.30949475,9,"Other families"
"TMEM150C",0.22572325,1,"Other families"
"KCNMA1",0.01540575,1,"Other families"
"TRPA",0.000973,1,"Other families"
