"family","gene","status","mean_TPM_Control","R004","R005","R006","R007","plotted_in_2B","note"
"K2P","Kcnk3","ns",25.7896595,22.134347,23.201081,21.911042,35.912168,TRUE,""
"TMEM16","Ano10","ns",18.12338025,18.662545,21.507609,15.509168,16.814199,TRUE,""
"TMEM63","Tmem63b","down",11.47007525,16.056644,9.097984,10.137786,10.587887,TRUE,""
"LRRC8","Lrrc8a","down",8.9643835,11.060155,9.249402,7.309505,8.238472,TRUE,""
"ClC","Clcn3","ns",6.767134,8.647536,4.190478,7.117783,7.112739,TRUE,""
"TRPML","Mcoln1","ns",5.42007875,5.827174,5.449532,4.983822,5.419787,TRUE,""
"K2P","Kcnk2","down",4.47860825,7.387232,3.2226,4.285501,3.0191,TRUE,""
"LRRC8","Lrrc8b","down",3.7209245,5.594027,2.837524,3.206202,3.245945,TRUE,""
"TMEM16","Ano5","ns",3.4309455,5.63585,0.323009,3.335572,4.429351,TRUE,""
"TMC","Tmc6","down",2.79581,3.494333,3.001773,2.208955,2.478179,TRUE,""
"LRRC8","Lrrc8c","down",2.7673265,3.865595,3.269318,2.498973,1.43542,TRUE,""
"ClC","Clcn7","down",2.75903525,3.664469,2.51618,2.281208,2.574284,TRUE,""
"TMEM16","Ano6","down",2.72996025,3.542585,3.508029,2.339546,1.529681,TRUE,""
"TRPM","Trpm7","ns",2.27074625,3.734032,1.273495,2.348831,1.726627,TRUE,""
"LRRC8","Lrrc8d","down",2.14298375,3.261099,2.213038,1.719916,1.377882,TRUE,""
"ClC","Clcn4","ns",2.05854025,1.70734,1.950953,2.176258,2.39961,TRUE,""
"TRPP","Pkd1","down",2.0315295,3.35665,2.14646,1.451095,1.171913,TRUE,""
"TRPP","Pkd2","ns",2.023689,3.520411,1.71021,1.807733,1.056402,TRUE,""
"TMEM16","Ano8","down",1.92913825,2.428535,1.788575,1.623567,1.875876,TRUE,""
"TRPC","Trpc1","ns",1.65056075,2.4037,1.067436,1.366099,1.765008,TRUE,""
"TMEM63","Tmem63a","down",1.61701875,1.947962,2.060114,1.057054,1.402945,TRUE,""
"ClC","Clcn2","ns",1.3994485,1.318634,1.504992,1.057356,1.716812,TRUE,""
"TMC","Tmc7","down",1.34916375,1.582896,0.93177,1.46983,1.412159,TRUE,""
"ClC","Clcn6","down",1.23476825,1.674958,1.14965,0.949644,1.164821,TRUE,""
"TRPM","Trpm4","down",0.995952,1.296189,1.000542,0.897237,0.78984,TRUE,""
"PIEZO","Piezo1","down",0.925672,1.357615,1.272391,0.68976,0.382922,TRUE,""
"K2P","Kcnk6","ns",0.88170825,1.306581,0.955351,0.767908,0.496993,TRUE,""
"TMEM16","Ano1","down",0.67602225,1.172999,0.746509,0.449986,0.334595,TRUE,""
"TMC","Tmc8","ns",0.4204985,0.668395,0.431167,0.416339,0.166093,TRUE,""
"TRPV","Trpv2","ns",0.3730815,0.539182,0.549612,0.225343,0.178189,TRUE,""
"TMEM16","Ano2","ns",0.2962235,0.482196,0.356571,0.218293,0.127834,TRUE,""
"ClC","Clcn5","ns",0.2592345,0.4577,0.271385,0.190028,0.117825,TRUE,""
"TRPC","Trpc3","down",0.24331175,0.469218,0.248278,0.184163,0.071588,TRUE,""
"TMEM150C","Tmem150c","ns",0.22572325,0.362731,0.150528,0.170907,0.218727,TRUE,""
"ENaC/ASIC","Asic1","ns",0.19285925,0.326344,0.220144,0.188603,0.036346,TRUE,""
"TMEM16","Ano4","down",0.1619225,0.21999,0.15758,0.191438,0.078682,TRUE,""
"TRPV","Trpv4","ns",0.10445575,0.192983,0.117942,0.035175,0.071723,TRUE,""
"TRPC","Trpc6","ns",0.09624875,0.167843,0.10907,0.041082,0.067,TRUE,""
"PIEZO","Piezo2","down",0.08089025,0.130496,0.058042,0.097443,0.03758,TRUE,""
"ClC","Clcn1","ns",0.07436925,0.074294,0.074065,0.108724,0.040394,TRUE,""
"K2P","Kcnk5","ns",0.06947675,0.106134,0.07258,0.07712,0.022073,TRUE,""
"ENaC/ASIC","Scnn1a","ns",0.06612175,0.062333,0.074598,0.045889,0.081667,TRUE,""
"K2P","Kcnk1","ns",0.059482,0.102198,0.025341,0.005667,0.104722,TRUE,""
"K2P","Kcnk13","ns",0.057535,0.060763,0.072728,0.018591,0.078058,TRUE,""
"TRPM","Trpm2","ns",0.0444085,0.04142,0.069792,0.027104,0.039318,TRUE,""
"TRPML","Mcoln3","ns",0.0418795,0.022481,0.008289,0.040124,0.096624,TRUE,""
"TRPC","Trpc4","ns",0.0389245,0.060365,0.048097,0.022609,0.024627,TRUE,""
"TRPV","Trpv1","ns",0.0351485,0.074635,0.04467,0.004995,0.016294,TRUE,""
"ENaC/ASIC","Asic2","ns",0.0350215,0.052538,0.01887,0.038098,0.03058,TRUE,""
"TMEM63","Tmem63c","ns",0.03325525,0.028273,0.056198,0.023142,0.025408,TRUE,""
"K2P","Kcnk7","ns",0.02081575,0.041714,0.018728,0.016751,0.00607,TRUE,""
"TRPP","Pkd2l2","up",0.0193735,0.019069,0.015224,0.013613,0.029588,TRUE,""
"TRPM","Trpm5","ns",0.017702,0.022695,0.009554,0.019952,0.018607,TRUE,""
"KCNMA1","Kcnma1","ns",0.01540575,0.040331,0.002838,0.010162,0.008292,TRUE,""
"LRRC8","Lrrc8e","ns",0.01225275,0.009131,0.005425,0.018507,0.015948,TRUE,""
"TMEM16","Ano3","ns",0.01058175,0.010739,0.002569,0.0115,0.017519,TRUE,""
"ENaC/ASIC","Asic4","ns",0.0070315,0.005081,0.012164,0.010881,0,TRUE,""
"ENaC/ASIC","Asic3","n.d.",0.00663975,0,0.010455,0,0.016104,FALSE,"n.d. (absent from DESeq2 output) - not drawn"
"TRPM","Trpm8","ns",0.00595225,0.009344,0.007479,0.003346,0.00364,TRUE,""
"TRPM","Trpm1","n.t.",0.005479,0.012663,0.009253,0,0,TRUE,""
"TMC","Tmc5","n.d.",0.0051665,0.002618,0.003132,0.004698,0.010218,FALSE,"n.d. (absent from DESeq2 output) - not drawn"
"TRPP","Pkd2l1","n.d.",0.0049845,0.009212,0,0,0.010726,FALSE,"n.d. (absent from DESeq2 output) - not drawn"
"K2P","Kcnk10","n.t.",0.0040655,0.007025,0.004201,0,0.005036,TRUE,""
"TRPML","Mcoln2","up",0.0040045,0.016018,0,0,0,TRUE,""
"TRPC","Trpc5","ns",0.00400375,0.006584,0.005906,0.003525,0,TRUE,""
"TRPM","Trpm3","n.t.",0.003474,0.007607,0,0.004073,0.002216,TRUE,""
"TRPP","Pkd1l1","ns",0.003277,0.002886,0.005177,0,0.005045,TRUE,""
"TRPC","Trpc2","n.d.",0.00326075,0.013043,0,0,0,FALSE,"n.d. (absent from DESeq2 output) - not drawn"
"TMC","Tmc1","n.d.",0.0029895,0,0.011958,0,0,FALSE,"n.d. (absent from DESeq2 output) - not drawn"
"TRPV","Trpv3","n.d.",0.00279525,0.005216,0.003148,0.002817,0,FALSE,"n.d. (absent from DESeq2 output) - not drawn"
"TMEM16","Ano9","n.t.",0.0027025,0.004546,0,0.006264,0,TRUE,""
"TRPP","Pkd1l2","n.d.",0.0024945,0.001518,0.001815,0.004876,0.001769,FALSE,"n.d. (absent from DESeq2 output) - not drawn"
"ENaC/ASIC","Asic5","n.d.",0.001821,0.007284,0,0,0,FALSE,"n.d. (absent from DESeq2 output) - not drawn"
"TMC","Tmc4","n.d.",0.001762,0,0.007048,0,0,FALSE,"n.d. (absent from DESeq2 output) - not drawn"
"K2P","Kcnk15","n.d.",0.00164075,0,0,0,0.006563,FALSE,"n.d. (absent from DESeq2 output) - not drawn"
"TRPP","Pkd1l3","n.d.",0.0015395,0.001903,0,0.002038,0.002217,FALSE,"n.d. (absent from DESeq2 output) - not drawn"
"K2P","Kcnk16","n.d.",0.0014555,0.005822,0,0,0,FALSE,"n.d. (absent from DESeq2 output) - not drawn"
"TRPV","Trpv6","n.d.",0.00136375,0,0.005455,0,0,FALSE,"n.d. (absent from DESeq2 output) - not drawn"
"TRPA","Trpa1","n.d.",0.000973,0.003892,0,0,0,FALSE,"n.d. (absent from DESeq2 output) - not drawn"
"TRPM","Trpm6","n.d.",0.0005745,0,0.002298,0,0,FALSE,"n.d. (absent from DESeq2 output) - not drawn"
"TMEM16","Ano7","n.d.",0,0,0,0,0,FALSE,"n.d. (absent from DESeq2 output) - not drawn"
"TRPV","Trpv5","n.d.",0,0,0,0,0,FALSE,"n.d. (absent from DESeq2 output) - not drawn"
"ENaC/ASIC","Scnn1b","n.d.",0,0,0,0,0,FALSE,"n.d. (absent from DESeq2 output) - not drawn"
"ENaC/ASIC","Scnn1g","n.d.",0,0,0,0,0,FALSE,"n.d. (absent from DESeq2 output) - not drawn"
"K2P","Kcnk12","n.d.",0,0,0,0,0,FALSE,"n.d. (absent from DESeq2 output) - not drawn"
"K2P","Kcnk9","n.d.",0,0,0,0,0,FALSE,"n.d. (absent from DESeq2 output) - not drawn"
"K2P","Kcnk18","n.d.",0,0,0,0,0,FALSE,"n.d. (absent from DESeq2 output) - not drawn"
"TRPC","Trpc7","n.d.",0,0,0,0,0,FALSE,"n.d. (absent from DESeq2 output) - not drawn"
"K2P","Kcnk4","up",0,0,0,0,0,TRUE,"TPM = 0 in Control, drawn at the '0' position"
"ENaC/ASIC","Scnn1d","n.d.",0,0,0,0,0,FALSE,"n.d. (absent from DESeq2 output) - not drawn"
"TMC","Tmc3","n.d.",0,0,0,0,0,FALSE,"n.d. (absent from DESeq2 output) - not drawn"
"TMC","Tmc2","n.d.",0,0,0,0,0,FALSE,"n.d. (absent from DESeq2 output) - not drawn"
"K2P","Kcnk17","n.d.",NA,NA,NA,NA,NA,FALSE,"n.d. (absent from DESeq2 output) - not drawn"
