"set","n_genes","genes","sum_mean_norm_Control","sum_mean_norm_rLLB","ratio","ratio_manuscript","ratio_diff","fry_Direction","fry_PValue","FDR","tested","dominant_gene","dominant_share","colour"
"PIEZO",2,"Piezo1 Piezo2",584.134935947857,198.13246376594,0.339189546066845,0.34,-0.000810453933154542,"Down",0.00278969524965117,0.0097639333737791,TRUE,"Piezo1",0.916586545818984,"down"
"KCNMA1",1,"Kcnma1",5.26061329810922,1.85944904787871,0.353466210593171,NA,NA,NA,NA,NA,FALSE,"Kcnma1",1,"ns"
"TMC",3,"Tmc6 Tmc7 Tmc8",869.130873996426,343.166849155492,0.394839096645534,0.4,-0.0051609033544664,"Down",0.000130750718289435,0.00183051005605209,TRUE,"Tmc6",0.646393600292146,"down"
"TREK/TRAAK",3,"Kcnk2 Kcnk10 Kcnk4",945.078355966306,420.491983492734,0.444928170069875,0.44,0.00492817006987467,"Down",0.31327383434031,0.365486140063695,TRUE,"Kcnk2",0.993988514113294,"ns"
"TRPP",4,"Pkd1 Pkd2 Pkd2l2 Pkd1l1",2474.7317300574,1266.5036051207,0.511774100496673,0.51,0.00177410049667259,"Down",0.185610139795444,0.236231087012384,TRUE,"Pkd1",0.688496554332999,"ns"
"TMEM63",3,"Tmem63b Tmem63a Tmem63c",2934.10309333276,1886.27914841865,0.642881006023576,0.64,0.00288100602357577,"Down",0.00118089337983378,0.00551083577255762,TRUE,"Tmem63b",0.884717122532238,"down"
"VRAC/LRRC8",5,"Lrrc8a Lrrc8b Lrrc8c Lrrc8d Lrrc8e",5366.40814506935,3625.3130302407,0.675556709858463,0.68,-0.00444329014153699,"Down",0.00737773893351805,0.0206576690138505,TRUE,"Lrrc8a",0.499792637570972,"down"
"ENaC/ASIC",4,"Asic1 Scnn1a Asic2 Asic4",70.0119102878798,48.8897809822959,0.69830662784757,0.7,-0.00169337215242982,"Down",0.170619174893189,0.236231087012384,TRUE,"Asic1",0.717022867233005,"ns"
"TRPC",5,"Trpc1 Trpc3 Trpc6 Trpc4 Trpc5",549.227827436637,455.536045792092,0.829411808790125,0.83,-0.000588191209875299,"Down",0.0169948589921227,0.0396546709816197,TRUE,"Trpc1",0.883798146342013,"down"
"TRPV",3,"Trpv2 Trpv4 Trpv1",98.7083334262933,84.5669642959599,0.856735813082156,0.86,-0.00326418691784391,"Down",0.758291150579589,0.758291150579589,TRUE,"Trpv2",0.695495997908152,"ns"
"TRPM",7,"Trpm7 Trpm4 Trpm2 Trpm5 Trpm8 Trpm1 Trpm3",1419.61075679803,1348.5621875279,0.949952077405795,0.95,-4.7922594204719e-05,"Down",0.100710901990885,0.156661403096932,TRUE,"Trpm7",0.803927018270222,"ns"
"ClC",7,"Clcn3 Clcn7 Clcn4 Clcn2 Clcn6 Clcn5 Clcn1",4466.74751693413,4599.68092330105,1.02976067168851,1.03,-0.000239328311494535,"Down",0.0220706080351904,0.0418101180112262,TRUE,"Clcn3",0.560976957125932,"down"
"TRPML",3,"Mcoln1 Mcoln3 Mcoln2",761.579681852955,791.418701037975,1.03918042969899,1.04,-0.000819570301008099,"Up",0.00111188795571876,0.00551083577255762,TRUE,"Mcoln1",0.969288704431487,"up"
"TMEM16",9,"Ano10 Ano5 Ano6 Ano8 Ano1 Ano2 Ano4 Ano3 Ano9",7351.83527218708,7770.24751819368,1.05691262528549,1.06,-0.00308737471451459,"Down",0.023891496006415,0.0418101180112262,TRUE,"Ano10",0.431425697729147,"down"
"remaining K2P",6,"Kcnk3 Kcnk6 Kcnk5 Kcnk1 Kcnk13 Kcnk7",6326.77210002216,7236.88652892163,1.14385130592839,1.14,0.00385130592838756,"Down",0.401294046595067,0.432162819410072,TRUE,"Kcnk3",0.981114240983143,"ns"
"TMEM150C",1,"Tmem150c",39.9067712890244,48.1015391008387,1.2053478030699,1.21,-0.00465219693009744,NA,NA,NA,FALSE,"Tmem150c",1,"ns"
