"gene","sample","group","norm_count","padj"
"Kcnk2","R004","Control",1264.31178004512,8.11595968958626e-07
"Kcnk2","R005","Control",780.501224164102,8.11595968958626e-07
"Kcnk2","R006","Control",982.394909509465,8.11595968958626e-07
"Kcnk2","R007","Control",746.631002994339,8.11595968958626e-07
"Kcnk2","Bw1","rLLB",402.360087631053,8.11595968958626e-07
"Kcnk2","Bw2","rLLB",377.34776903073,8.11595968958626e-07
"Kcnk2","Bw3","rLLB",367.056742143622,8.11595968958626e-07
"Kcnk2","Bw4","rLLB",508.841415025876,8.11595968958626e-07
"Kcnk3","R004","Control",4043.37181575379,0.557061011665274
"Kcnk3","R005","Control",5951.17057432412,0.557061011665274
"Kcnk3","R006","Control",5343.69506623572,0.557061011665274
"Kcnk3","R007","Control",9368.89867905277,0.557061011665274
"Kcnk3","Bw1","rLLB",7462.44886262028,0.557061011665274
"Kcnk3","Bw2","rLLB",5954.77070116004,0.557061011665274
"Kcnk3","Bw3","rLLB",6578.78622457416,0.557061011665274
"Kcnk3","Bw4","rLLB",8526.8526390417,0.557061011665274
