"bin","panel_genes","background_pool","panel_median_baseMean","background_median_baseMean"
1,6,863,2.46743767471984,2.18053724207911
2,6,862,3.66990087739687,3.73334353924667
3,3,865,6.93715007263857,6.46083219164723
4,6,862,12.190148018741,11.6913702096327
5,3,865,22.0492226773511,20.3961896464712
6,6,862,38.5869348090504,35.4592162915559
7,3,865,65.3562558409636,62.3958802315804
8,2,866,102.132679438532,103.430702845964
9,2,866,147.184557322704,161.69544282854
10,3,865,239.21504994481,239.789675225917
11,4,864,374.138841804592,346.600383061104
12,2,866,425.960815758169,472.445242120725
13,4,864,625.87290257271,618.363783969649
14,3,865,771.725390452525,801.490247629069
15,2,866,1133.58546934326,1036.43910879502
16,1,867,1287.91381860949,1357.62780549736
17,1,867,2132.3373532139,1855.57659001925
18,4,864,2701.78409056606,2687.28111600401
19,1,867,6653.74932034532,4466.47264045842
20,0,869,NA,13688.2130343964
