"permutation","down","up","diff","observed_diff"
1,12,7,5,17
2,6,6,0,17
3,10,12,-2,17
4,10,11,-1,17
5,6,10,-4,17
6,9,12,-3,17
7,6,9,-3,17
8,6,10,-4,17
9,7,14,-7,17
10,9,3,6,17
11,5,6,-1,17
12,8,9,-1,17
13,4,10,-6,17
14,6,13,-7,17
15,6,10,-4,17
16,8,6,2,17
17,8,7,1,17
18,5,9,-4,17
19,5,11,-6,17
20,6,10,-4,17
21,6,7,-1,17
22,8,4,4,17
23,6,8,-2,17
24,5,8,-3,17
25,6,9,-3,17
26,13,9,4,17
27,7,10,-3,17
28,6,11,-5,17
29,7,13,-6,17
30,9,14,-5,17
31,7,9,-2,17
32,12,11,1,17
33,7,11,-4,17
34,5,8,-3,17
35,11,3,8,17
36,7,12,-5,17
37,7,13,-6,17
38,10,12,-2,17
39,10,10,0,17
40,6,15,-9,17
41,12,6,6,17
42,5,12,-7,17
43,8,7,1,17
44,3,6,-3,17
45,9,9,0,17
46,11,8,3,17
47,5,11,-6,17
48,7,8,-1,17
49,8,4,4,17
50,9,6,3,17
51,9,11,-2,17
52,5,9,-4,17
53,8,7,1,17
54,12,9,3,17
55,3,11,-8,17
56,9,7,2,17
57,5,15,-10,17
58,8,9,-1,17
59,5,9,-4,17
60,10,8,2,17
61,9,5,4,17
62,11,7,4,17
63,7,5,2,17
64,10,7,3,17
65,7,11,-4,17
66,7,12,-5,17
67,4,7,-3,17
68,8,11,-3,17
69,9,8,1,17
70,5,9,-4,17
71,5,5,0,17
72,8,8,0,17
73,11,7,4,17
74,9,12,-3,17
75,4,9,-5,17
76,7,11,-4,17
77,7,7,0,17
78,9,8,1,17
79,7,5,2,17
80,10,14,-4,17
81,10,12,-2,17
82,10,10,0,17
83,5,7,-2,17
84,7,7,0,17
85,9,11,-2,17
86,8,12,-4,17
87,9,12,-3,17
88,9,10,-1,17
89,12,13,-1,17
90,5,7,-2,17
91,5,8,-3,17
92,8,8,0,17
93,5,7,-2,17
94,9,8,1,17
95,9,12,-3,17
96,6,6,0,17
97,13,12,1,17
98,8,12,-4,17
99,12,5,7,17
100,7,10,-3,17
101,6,8,-2,17
102,7,8,-1,17
103,4,13,-9,17
104,7,10,-3,17
105,5,12,-7,17
106,8,8,0,17
107,8,7,1,17
108,8,7,1,17
109,9,5,4,17
110,6,12,-6,17
111,13,9,4,17
112,10,5,5,17
113,13,8,5,17
114,9,4,5,17
115,10,12,-2,17
116,7,16,-9,17
117,7,14,-7,17
118,8,10,-2,17
119,8,7,1,17
120,12,9,3,17
121,7,8,-1,17
122,8,10,-2,17
123,9,6,3,17
124,6,5,1,17
125,10,11,-1,17
126,8,2,6,17
127,6,10,-4,17
128,6,13,-7,17
129,5,7,-2,17
130,9,11,-2,17
131,5,11,-6,17
132,9,9,0,17
133,8,8,0,17
134,6,9,-3,17
135,15,7,8,17
136,8,8,0,17
137,9,7,2,17
138,10,10,0,17
139,7,7,0,17
140,7,6,1,17
141,2,7,-5,17
142,8,9,-1,17
143,7,10,-3,17
144,7,10,-3,17
145,9,4,5,17
146,9,6,3,17
147,8,10,-2,17
148,5,15,-10,17
149,11,7,4,17
150,6,6,0,17
151,3,5,-2,17
152,10,12,-2,17
153,6,12,-6,17
154,10,7,3,17
155,5,10,-5,17
156,8,8,0,17
157,7,14,-7,17
158,11,8,3,17
159,7,8,-1,17
160,20,5,15,17
161,10,7,3,17
162,7,10,-3,17
163,10,12,-2,17
164,6,12,-6,17
165,9,6,3,17
166,7,9,-2,17
167,6,5,1,17
168,12,10,2,17
169,9,2,7,17
170,7,4,3,17
171,8,11,-3,17
172,9,9,0,17
173,7,13,-6,17
174,8,12,-4,17
175,10,6,4,17
176,7,6,1,17
177,13,8,5,17
178,6,13,-7,17
179,8,9,-1,17
180,8,9,-1,17
181,15,7,8,17
182,8,8,0,17
183,10,7,3,17
184,11,7,4,17
185,5,8,-3,17
186,12,7,5,17
187,10,4,6,17
188,10,10,0,17
189,8,5,3,17
190,9,5,4,17
191,10,3,7,17
192,8,12,-4,17
193,8,7,1,17
194,12,10,2,17
195,10,11,-1,17
196,12,17,-5,17
197,7,9,-2,17
198,7,10,-3,17
199,12,12,0,17
200,4,7,-3,17
201,11,8,3,17
202,7,10,-3,17
203,8,11,-3,17
204,7,10,-3,17
205,10,6,4,17
206,3,8,-5,17
207,7,5,2,17
208,8,10,-2,17
209,5,7,-2,17
210,8,5,3,17
211,8,7,1,17
212,5,9,-4,17
213,5,11,-6,17
214,9,11,-2,17
215,7,12,-5,17
216,6,14,-8,17
217,10,7,3,17
218,11,9,2,17
219,3,10,-7,17
220,7,6,1,17
221,11,10,1,17
222,10,9,1,17
223,4,15,-11,17
224,8,10,-2,17
225,11,8,3,17
226,8,9,-1,17
227,6,7,-1,17
228,5,13,-8,17
229,8,9,-1,17
230,9,8,1,17
231,7,11,-4,17
232,12,6,6,17
233,6,6,0,17
234,8,12,-4,17
235,8,12,-4,17
236,6,11,-5,17
237,5,6,-1,17
238,10,11,-1,17
239,8,13,-5,17
240,4,9,-5,17
241,9,10,-1,17
242,11,8,3,17
243,14,8,6,17
244,7,9,-2,17
245,11,9,2,17
246,10,8,2,17
247,9,9,0,17
248,7,7,0,17
249,9,15,-6,17
250,8,9,-1,17
251,7,8,-1,17
252,11,10,1,17
253,11,7,4,17
254,8,13,-5,17
255,11,12,-1,17
256,7,13,-6,17
257,11,13,-2,17
258,6,8,-2,17
259,5,11,-6,17
260,5,11,-6,17
261,10,6,4,17
262,8,4,4,17
263,4,12,-8,17
264,12,10,2,17
265,5,6,-1,17
266,6,10,-4,17
267,6,6,0,17
268,8,12,-4,17
269,7,11,-4,17
270,9,8,1,17
271,7,10,-3,17
272,8,9,-1,17
273,5,11,-6,17
274,4,17,-13,17
275,7,12,-5,17
276,9,9,0,17
277,12,8,4,17
278,5,7,-2,17
279,8,9,-1,17
280,10,11,-1,17
281,13,3,10,17
282,8,9,-1,17
283,4,7,-3,17
284,7,8,-1,17
285,9,5,4,17
286,8,7,1,17
287,8,12,-4,17
288,4,14,-10,17
289,9,4,5,17
290,5,9,-4,17
291,11,8,3,17
292,6,12,-6,17
293,6,9,-3,17
294,10,12,-2,17
295,8,8,0,17
296,12,6,6,17
297,8,9,-1,17
298,9,7,2,17
299,7,8,-1,17
300,10,9,1,17
301,8,15,-7,17
302,8,11,-3,17
303,11,6,5,17
304,6,7,-1,17
305,11,11,0,17
306,6,8,-2,17
307,4,13,-9,17
308,4,9,-5,17
309,11,10,1,17
310,6,13,-7,17
311,8,10,-2,17
312,6,7,-1,17
313,10,7,3,17
314,14,9,5,17
315,6,13,-7,17
316,10,7,3,17
317,6,3,3,17
318,6,5,1,17
319,11,9,2,17
320,5,9,-4,17
321,8,11,-3,17
322,9,12,-3,17
323,5,12,-7,17
324,4,10,-6,17
325,5,10,-5,17
326,6,7,-1,17
327,13,9,4,17
328,12,9,3,17
329,4,10,-6,17
330,9,10,-1,17
331,6,9,-3,17
332,9,11,-2,17
333,10,7,3,17
334,9,10,-1,17
335,8,14,-6,17
336,9,7,2,17
337,3,13,-10,17
338,8,7,1,17
339,4,14,-10,17
340,9,6,3,17
341,7,12,-5,17
342,10,8,2,17
343,6,12,-6,17
344,7,10,-3,17
345,8,7,1,17
346,7,8,-1,17
347,3,10,-7,17
348,8,13,-5,17
349,3,7,-4,17
350,7,9,-2,17
351,11,11,0,17
352,8,9,-1,17
353,5,10,-5,17
354,9,7,2,17
355,5,7,-2,17
356,6,7,-1,17
357,8,9,-1,17
358,9,10,-1,17
359,6,6,0,17
360,4,8,-4,17
361,4,8,-4,17
362,6,10,-4,17
363,5,9,-4,17
364,12,8,4,17
365,6,12,-6,17
366,10,4,6,17
367,5,5,0,17
368,10,8,2,17
369,6,10,-4,17
370,7,11,-4,17
371,10,5,5,17
372,4,10,-6,17
373,1,6,-5,17
374,10,12,-2,17
375,9,9,0,17
376,6,9,-3,17
377,6,14,-8,17
378,8,16,-8,17
379,10,13,-3,17
380,10,6,4,17
381,7,5,2,17
382,6,6,0,17
383,8,11,-3,17
384,11,9,2,17
385,11,5,6,17
386,12,11,1,17
387,9,8,1,17
388,12,5,7,17
389,5,4,1,17
390,10,7,3,17
391,7,7,0,17
392,9,12,-3,17
393,6,10,-4,17
394,8,8,0,17
395,5,10,-5,17
396,9,9,0,17
397,5,8,-3,17
398,8,11,-3,17
399,6,7,-1,17
400,8,8,0,17
401,5,9,-4,17
402,3,13,-10,17
403,9,9,0,17
404,7,11,-4,17
405,10,5,5,17
406,8,15,-7,17
407,6,11,-5,17
408,8,13,-5,17
409,8,8,0,17
410,7,12,-5,17
411,7,5,2,17
412,7,8,-1,17
413,10,10,0,17
414,7,9,-2,17
415,10,11,-1,17
416,8,12,-4,17
417,5,7,-2,17
418,7,7,0,17
419,6,10,-4,17
420,9,14,-5,17
421,5,10,-5,17
422,6,9,-3,17
423,9,16,-7,17
424,6,12,-6,17
425,10,6,4,17
426,6,6,0,17
427,9,7,2,17
428,10,9,1,17
429,9,8,1,17
430,8,4,4,17
431,8,9,-1,17
432,6,6,0,17
433,8,12,-4,17
434,12,9,3,17
435,6,6,0,17
436,10,7,3,17
437,6,8,-2,17
438,12,4,8,17
439,4,7,-3,17
440,9,12,-3,17
441,5,9,-4,17
442,6,7,-1,17
443,8,5,3,17
444,11,10,1,17
445,7,11,-4,17
446,11,10,1,17
447,7,6,1,17
448,12,8,4,17
449,5,12,-7,17
450,7,8,-1,17
451,5,10,-5,17
452,13,6,7,17
453,11,7,4,17
454,6,8,-2,17
455,6,7,-1,17
456,7,7,0,17
457,7,5,2,17
458,7,8,-1,17
459,7,6,1,17
460,11,11,0,17
461,12,9,3,17
462,8,10,-2,17
463,5,7,-2,17
464,7,8,-1,17
465,6,7,-1,17
466,3,15,-12,17
467,6,15,-9,17
468,2,8,-6,17
469,10,7,3,17
470,6,12,-6,17
471,6,9,-3,17
472,11,7,4,17
473,12,3,9,17
474,6,11,-5,17
475,5,13,-8,17
476,5,8,-3,17
477,7,7,0,17
478,9,5,4,17
479,13,10,3,17
480,9,10,-1,17
481,5,8,-3,17
482,9,11,-2,17
483,14,10,4,17
484,9,13,-4,17
485,5,11,-6,17
486,5,7,-2,17
487,10,10,0,17
488,12,9,3,17
489,9,7,2,17
490,7,10,-3,17
491,10,10,0,17
492,5,11,-6,17
493,3,11,-8,17
494,7,9,-2,17
495,7,8,-1,17
496,8,8,0,17
497,8,5,3,17
498,7,11,-4,17
499,9,12,-3,17
500,8,11,-3,17
501,7,9,-2,17
502,7,8,-1,17
503,6,12,-6,17
504,8,6,2,17
505,9,7,2,17
506,6,14,-8,17
507,5,7,-2,17
508,6,7,-1,17
509,5,9,-4,17
510,9,7,2,17
511,9,11,-2,17
512,8,16,-8,17
513,6,9,-3,17
514,9,7,2,17
515,11,3,8,17
516,8,7,1,17
517,5,9,-4,17
518,9,9,0,17
519,6,7,-1,17
520,7,11,-4,17
521,6,6,0,17
522,5,11,-6,17
523,9,8,1,17
524,13,3,10,17
525,9,11,-2,17
526,7,11,-4,17
527,10,14,-4,17
528,12,12,0,17
529,5,20,-15,17
530,12,10,2,17
531,6,12,-6,17
532,7,9,-2,17
533,9,9,0,17
534,5,9,-4,17
535,6,4,2,17
536,9,5,4,17
537,12,8,4,17
538,9,11,-2,17
539,9,7,2,17
540,9,6,3,17
541,7,4,3,17
542,10,6,4,17
543,6,11,-5,17
544,7,10,-3,17
545,6,8,-2,17
546,7,12,-5,17
547,9,13,-4,17
548,12,4,8,17
549,13,7,6,17
550,9,9,0,17
551,15,12,3,17
552,11,9,2,17
553,6,5,1,17
554,8,5,3,17
555,7,12,-5,17
556,6,14,-8,17
557,6,6,0,17
558,4,9,-5,17
559,7,4,3,17
560,9,7,2,17
561,7,9,-2,17
562,7,11,-4,17
563,8,6,2,17
564,7,9,-2,17
565,6,13,-7,17
566,7,5,2,17
567,10,9,1,17
568,9,15,-6,17
569,5,13,-8,17
570,9,7,2,17
571,7,11,-4,17
572,5,9,-4,17
573,15,10,5,17
574,11,9,2,17
575,10,7,3,17
576,8,7,1,17
577,11,8,3,17
578,9,3,6,17
579,10,9,1,17
580,6,6,0,17
581,6,5,1,17
582,11,13,-2,17
583,8,11,-3,17
584,9,12,-3,17
585,5,10,-5,17
586,9,7,2,17
587,8,4,4,17
588,5,3,2,17
589,12,8,4,17
590,11,9,2,17
591,6,12,-6,17
592,6,10,-4,17
593,9,7,2,17
594,8,6,2,17
595,5,6,-1,17
596,6,11,-5,17
597,5,13,-8,17
598,8,13,-5,17
599,5,7,-2,17
600,3,10,-7,17
601,7,10,-3,17
602,9,9,0,17
603,6,8,-2,17
604,10,11,-1,17
605,4,6,-2,17
606,10,6,4,17
607,9,8,1,17
608,10,9,1,17
609,7,8,-1,17
610,8,11,-3,17
611,8,8,0,17
612,11,8,3,17
613,5,8,-3,17
614,11,8,3,17
615,10,9,1,17
616,5,8,-3,17
617,6,7,-1,17
618,14,8,6,17
619,5,14,-9,17
620,5,9,-4,17
621,8,11,-3,17
622,7,8,-1,17
623,7,10,-3,17
624,7,7,0,17
625,8,9,-1,17
626,9,7,2,17
627,2,12,-10,17
628,9,10,-1,17
629,9,7,2,17
630,7,11,-4,17
631,13,8,5,17
632,8,7,1,17
633,5,14,-9,17
634,5,9,-4,17
635,5,6,-1,17
636,9,14,-5,17
637,8,10,-2,17
638,6,11,-5,17
639,7,16,-9,17
640,7,11,-4,17
641,11,9,2,17
642,7,6,1,17
643,7,15,-8,17
644,8,11,-3,17
645,9,12,-3,17
646,6,10,-4,17
647,7,8,-1,17
648,10,8,2,17
649,7,9,-2,17
650,10,9,1,17
651,7,8,-1,17
652,4,6,-2,17
653,10,16,-6,17
654,10,10,0,17
655,11,4,7,17
656,12,11,1,17
657,7,9,-2,17
658,8,12,-4,17
659,6,12,-6,17
660,8,10,-2,17
661,9,9,0,17
662,5,4,1,17
663,7,8,-1,17
664,8,11,-3,17
665,9,7,2,17
666,4,9,-5,17
667,7,9,-2,17
668,8,5,3,17
669,7,7,0,17
670,8,11,-3,17
671,8,10,-2,17
672,10,8,2,17
673,7,8,-1,17
674,5,11,-6,17
675,5,8,-3,17
676,9,8,1,17
677,4,7,-3,17
678,11,2,9,17
679,8,6,2,17
680,5,12,-7,17
681,8,10,-2,17
682,11,8,3,17
683,9,9,0,17
684,6,9,-3,17
685,8,12,-4,17
686,7,6,1,17
687,9,8,1,17
688,11,10,1,17
689,3,11,-8,17
690,9,12,-3,17
691,9,7,2,17
692,9,13,-4,17
693,6,9,-3,17
694,7,11,-4,17
695,9,12,-3,17
696,6,10,-4,17
697,4,12,-8,17
698,8,9,-1,17
699,7,10,-3,17
700,13,5,8,17
701,7,15,-8,17
702,9,11,-2,17
703,5,9,-4,17
704,8,11,-3,17
705,7,10,-3,17
706,5,10,-5,17
707,10,6,4,17
708,8,11,-3,17
709,5,9,-4,17
710,11,7,4,17
711,8,8,0,17
712,5,7,-2,17
713,8,11,-3,17
714,6,10,-4,17
715,6,10,-4,17
716,11,6,5,17
717,4,6,-2,17
718,11,8,3,17
719,11,9,2,17
720,10,9,1,17
721,9,8,1,17
722,6,8,-2,17
723,6,5,1,17
724,5,8,-3,17
725,11,10,1,17
726,4,13,-9,17
727,7,4,3,17
728,11,10,1,17
729,5,16,-11,17
730,2,15,-13,17
731,9,10,-1,17
732,13,8,5,17
733,7,11,-4,17
734,10,8,2,17
735,9,8,1,17
736,8,10,-2,17
737,11,6,5,17
738,9,16,-7,17
739,6,13,-7,17
740,10,10,0,17
741,7,10,-3,17
742,9,10,-1,17
743,4,8,-4,17
744,3,7,-4,17
745,10,11,-1,17
746,8,7,1,17
747,5,11,-6,17
748,9,10,-1,17
749,10,5,5,17
750,6,8,-2,17
751,7,8,-1,17
752,12,9,3,17
753,11,9,2,17
754,4,7,-3,17
755,7,12,-5,17
756,8,8,0,17
757,9,12,-3,17
758,8,10,-2,17
759,12,6,6,17
760,7,6,1,17
761,10,5,5,17
762,10,9,1,17
763,9,8,1,17
764,4,7,-3,17
765,10,7,3,17
766,9,9,0,17
767,12,8,4,17
768,10,7,3,17
769,10,12,-2,17
770,7,8,-1,17
771,3,9,-6,17
772,11,6,5,17
773,9,10,-1,17
774,10,10,0,17
775,8,10,-2,17
776,11,10,1,17
777,6,12,-6,17
778,5,10,-5,17
779,8,5,3,17
780,7,11,-4,17
781,10,10,0,17
782,8,9,-1,17
783,11,11,0,17
784,7,11,-4,17
785,7,11,-4,17
786,6,8,-2,17
787,6,10,-4,17
788,7,6,1,17
789,5,11,-6,17
790,15,7,8,17
791,6,13,-7,17
792,6,16,-10,17
793,3,11,-8,17
794,4,7,-3,17
795,8,17,-9,17
796,6,10,-4,17
797,8,7,1,17
798,11,3,8,17
799,8,11,-3,17
800,8,9,-1,17
801,10,10,0,17
802,5,11,-6,17
803,4,10,-6,17
804,8,9,-1,17
805,8,7,1,17
806,12,6,6,17
807,8,9,-1,17
808,8,7,1,17
809,6,11,-5,17
810,8,10,-2,17
811,5,6,-1,17
812,9,12,-3,17
813,8,7,1,17
814,10,6,4,17
815,7,9,-2,17
816,11,10,1,17
817,6,7,-1,17
818,10,4,6,17
819,10,16,-6,17
820,8,8,0,17
821,7,10,-3,17
822,6,2,4,17
823,15,7,8,17
824,7,6,1,17
825,6,6,0,17
826,12,6,6,17
827,3,12,-9,17
828,10,11,-1,17
829,10,9,1,17
830,6,7,-1,17
831,7,9,-2,17
832,9,5,4,17
833,9,8,1,17
834,10,14,-4,17
835,3,11,-8,17
836,6,15,-9,17
837,6,4,2,17
838,9,7,2,17
839,6,14,-8,17
840,6,7,-1,17
841,10,13,-3,17
842,4,13,-9,17
843,7,9,-2,17
844,13,7,6,17
845,9,6,3,17
846,3,12,-9,17
847,6,8,-2,17
848,7,6,1,17
849,9,10,-1,17
850,5,5,0,17
851,6,14,-8,17
852,16,8,8,17
853,7,10,-3,17
854,13,7,6,17
855,5,10,-5,17
856,4,5,-1,17
857,10,10,0,17
858,6,10,-4,17
859,11,10,1,17
860,11,7,4,17
861,2,10,-8,17
862,9,10,-1,17
863,4,13,-9,17
864,11,8,3,17
865,8,13,-5,17
866,12,9,3,17
867,5,5,0,17
868,7,11,-4,17
869,9,10,-1,17
870,11,9,2,17
871,11,8,3,17
872,10,8,2,17
873,5,8,-3,17
874,5,10,-5,17
875,6,7,-1,17
876,8,14,-6,17
877,10,5,5,17
878,8,7,1,17
879,9,10,-1,17
880,11,7,4,17
881,7,8,-1,17
882,3,12,-9,17
883,7,6,1,17
884,4,9,-5,17
885,10,9,1,17
886,6,4,2,17
887,6,12,-6,17
888,8,8,0,17
889,9,7,2,17
890,5,8,-3,17
891,13,7,6,17
892,11,6,5,17
893,6,8,-2,17
894,8,8,0,17
895,5,9,-4,17
896,7,8,-1,17
897,7,12,-5,17
898,7,9,-2,17
899,9,5,4,17
900,7,9,-2,17
901,12,11,1,17
902,11,6,5,17
903,7,10,-3,17
904,8,15,-7,17
905,9,9,0,17
906,10,7,3,17
907,10,4,6,17
908,7,13,-6,17
909,11,2,9,17
910,12,6,6,17
911,4,6,-2,17
912,9,10,-1,17
913,9,9,0,17
914,5,12,-7,17
915,9,8,1,17
916,14,5,9,17
917,13,14,-1,17
918,10,10,0,17
919,7,10,-3,17
920,10,9,1,17
921,5,8,-3,17
922,17,10,7,17
923,8,4,4,17
924,7,9,-2,17
925,11,7,4,17
926,7,6,1,17
927,4,12,-8,17
928,9,8,1,17
929,7,14,-7,17
930,8,10,-2,17
931,9,9,0,17
932,7,9,-2,17
933,8,11,-3,17
934,6,10,-4,17
935,3,3,0,17
936,4,8,-4,17
937,6,8,-2,17
938,7,8,-1,17
939,6,6,0,17
940,7,13,-6,17
941,7,12,-5,17
942,7,12,-5,17
943,6,9,-3,17
944,11,7,4,17
945,8,9,-1,17
946,6,10,-4,17
947,12,11,1,17
948,8,8,0,17
949,10,7,3,17
950,11,8,3,17
951,7,11,-4,17
952,12,5,7,17
953,9,6,3,17
954,8,7,1,17
955,6,18,-12,17
956,8,6,2,17
957,8,7,1,17
958,6,9,-3,17
959,9,10,-1,17
960,6,7,-1,17
961,12,7,5,17
962,8,9,-1,17
963,5,11,-6,17
964,11,9,2,17
965,9,12,-3,17
966,7,10,-3,17
967,12,4,8,17
968,9,8,1,17
969,10,5,5,17
970,7,11,-4,17
971,9,9,0,17
972,6,11,-5,17
973,5,8,-3,17
974,16,6,10,17
975,8,10,-2,17
976,6,15,-9,17
977,6,9,-3,17
978,10,4,6,17
979,11,8,3,17
980,4,11,-7,17
981,7,13,-6,17
982,7,12,-5,17
983,6,12,-6,17
984,6,10,-4,17
985,10,8,2,17
986,9,7,2,17
987,7,9,-2,17
988,7,6,1,17
989,7,9,-2,17
990,7,9,-2,17
991,8,6,2,17
992,5,14,-9,17
993,7,4,3,17
994,10,9,1,17
995,7,8,-1,17
996,8,10,-2,17
997,9,7,2,17
998,7,4,3,17
999,9,10,-1,17
1000,12,7,5,17
1001,9,7,2,17
1002,8,15,-7,17
1003,8,13,-5,17
1004,13,8,5,17
1005,8,8,0,17
1006,7,10,-3,17
1007,6,9,-3,17
1008,4,8,-4,17
1009,6,9,-3,17
1010,11,5,6,17
1011,9,7,2,17
1012,3,5,-2,17
1013,8,10,-2,17
1014,9,9,0,17
1015,6,14,-8,17
1016,6,9,-3,17
1017,9,7,2,17
1018,8,8,0,17
1019,8,9,-1,17
1020,10,12,-2,17
1021,8,5,3,17
1022,15,11,4,17
1023,7,9,-2,17
1024,5,5,0,17
1025,6,8,-2,17
1026,10,9,1,17
1027,10,5,5,17
1028,4,10,-6,17
1029,9,10,-1,17
1030,10,11,-1,17
1031,4,10,-6,17
1032,6,7,-1,17
1033,8,7,1,17
1034,8,6,2,17
1035,7,12,-5,17
1036,10,9,1,17
1037,7,6,1,17
1038,10,6,4,17
1039,9,8,1,17
1040,10,7,3,17
1041,7,7,0,17
1042,8,15,-7,17
1043,8,9,-1,17
1044,6,10,-4,17
1045,6,12,-6,17
1046,7,15,-8,17
1047,9,3,6,17
1048,11,7,4,17
1049,7,6,1,17
1050,10,11,-1,17
1051,7,9,-2,17
1052,8,5,3,17
1053,8,11,-3,17
1054,8,11,-3,17
1055,5,13,-8,17
1056,6,8,-2,17
1057,9,4,5,17
1058,7,6,1,17
1059,6,7,-1,17
1060,12,10,2,17
1061,8,5,3,17
1062,10,8,2,17
1063,2,12,-10,17
1064,5,12,-7,17
1065,12,13,-1,17
1066,9,7,2,17
1067,10,7,3,17
1068,12,6,6,17
1069,6,11,-5,17
1070,9,14,-5,17
1071,4,12,-8,17
1072,8,9,-1,17
1073,11,6,5,17
1074,6,9,-3,17
1075,5,10,-5,17
1076,9,7,2,17
1077,5,14,-9,17
1078,7,6,1,17
1079,9,11,-2,17
1080,6,7,-1,17
1081,8,9,-1,17
1082,8,10,-2,17
1083,4,10,-6,17
1084,10,12,-2,17
1085,8,13,-5,17
1086,4,10,-6,17
1087,14,9,5,17
1088,10,7,3,17
1089,10,9,1,17
1090,4,8,-4,17
1091,8,6,2,17
1092,11,8,3,17
1093,11,8,3,17
1094,8,8,0,17
1095,14,1,13,17
1096,9,9,0,17
1097,10,10,0,17
1098,12,13,-1,17
1099,11,9,2,17
1100,3,7,-4,17
1101,8,10,-2,17
1102,6,18,-12,17
1103,9,11,-2,17
1104,9,10,-1,17
1105,10,11,-1,17
1106,5,11,-6,17
1107,7,16,-9,17
1108,9,8,1,17
1109,8,8,0,17
1110,8,9,-1,17
1111,8,9,-1,17
1112,5,11,-6,17
1113,8,7,1,17
1114,9,10,-1,17
1115,9,6,3,17
1116,6,9,-3,17
1117,8,16,-8,17
1118,7,13,-6,17
1119,7,2,5,17
1120,7,9,-2,17
1121,15,7,8,17
1122,6,11,-5,17
1123,10,8,2,17
1124,7,12,-5,17
1125,6,11,-5,17
1126,6,8,-2,17
1127,9,14,-5,17
1128,6,10,-4,17
1129,8,10,-2,17
1130,7,15,-8,17
1131,3,3,0,17
1132,8,15,-7,17
1133,7,6,1,17
1134,6,7,-1,17
1135,6,8,-2,17
1136,4,10,-6,17
1137,6,7,-1,17
1138,5,8,-3,17
1139,4,8,-4,17
1140,7,7,0,17
1141,9,9,0,17
1142,6,8,-2,17
1143,5,9,-4,17
1144,3,14,-11,17
1145,7,10,-3,17
1146,6,8,-2,17
1147,3,8,-5,17
1148,9,5,4,17
1149,6,6,0,17
1150,9,7,2,17
1151,15,8,7,17
1152,9,12,-3,17
1153,7,8,-1,17
1154,6,5,1,17
1155,11,5,6,17
1156,9,8,1,17
1157,3,9,-6,17
1158,5,13,-8,17
1159,10,6,4,17
1160,7,5,2,17
1161,5,11,-6,17
1162,10,13,-3,17
1163,4,12,-8,17
1164,7,7,0,17
1165,7,9,-2,17
1166,5,11,-6,17
1167,7,7,0,17
1168,12,6,6,17
1169,9,11,-2,17
1170,6,12,-6,17
1171,7,13,-6,17
1172,13,5,8,17
1173,5,9,-4,17
1174,7,15,-8,17
1175,13,5,8,17
1176,6,7,-1,17
1177,7,7,0,17
1178,6,10,-4,17
1179,4,11,-7,17
1180,6,13,-7,17
1181,7,10,-3,17
1182,4,11,-7,17
1183,12,9,3,17
1184,4,10,-6,17
1185,12,5,7,17
1186,9,9,0,17
1187,8,8,0,17
1188,8,7,1,17
1189,11,8,3,17
1190,9,15,-6,17
1191,8,6,2,17
1192,7,9,-2,17
1193,11,9,2,17
1194,10,8,2,17
1195,11,10,1,17
1196,9,10,-1,17
1197,7,10,-3,17
1198,7,9,-2,17
1199,7,9,-2,17
1200,5,9,-4,17
1201,9,13,-4,17
1202,10,10,0,17
1203,9,7,2,17
1204,4,6,-2,17
1205,6,9,-3,17
1206,8,6,2,17
1207,7,8,-1,17
1208,7,6,1,17
1209,7,9,-2,17
1210,10,5,5,17
1211,7,9,-2,17
1212,8,14,-6,17
1213,8,7,1,17
1214,12,9,3,17
1215,11,4,7,17
1216,9,10,-1,17
1217,10,6,4,17
1218,3,11,-8,17
1219,7,7,0,17
1220,7,8,-1,17
1221,6,10,-4,17
1222,6,8,-2,17
1223,7,11,-4,17
1224,6,11,-5,17
1225,7,6,1,17
1226,6,4,2,17
1227,5,8,-3,17
1228,8,4,4,17
1229,8,10,-2,17
1230,6,13,-7,17
1231,8,13,-5,17
1232,9,12,-3,17
1233,8,15,-7,17
1234,9,11,-2,17
1235,9,7,2,17
1236,8,13,-5,17
1237,5,8,-3,17
1238,3,16,-13,17
1239,10,8,2,17
1240,11,4,7,17
1241,5,10,-5,17
1242,9,9,0,17
1243,8,12,-4,17
1244,5,10,-5,17
1245,6,4,2,17
1246,8,8,0,17
1247,9,7,2,17
1248,5,8,-3,17
1249,5,6,-1,17
1250,6,12,-6,17
1251,11,8,3,17
1252,6,11,-5,17
1253,5,12,-7,17
1254,5,14,-9,17
1255,10,8,2,17
1256,9,10,-1,17
1257,4,7,-3,17
1258,7,12,-5,17
1259,11,11,0,17
1260,6,14,-8,17
1261,5,7,-2,17
1262,10,6,4,17
1263,2,9,-7,17
1264,7,10,-3,17
1265,17,6,11,17
1266,9,9,0,17
1267,7,13,-6,17
1268,8,8,0,17
1269,8,7,1,17
1270,11,10,1,17
1271,12,5,7,17
1272,10,9,1,17
1273,7,8,-1,17
1274,10,8,2,17
1275,8,8,0,17
1276,5,16,-11,17
1277,6,13,-7,17
1278,10,6,4,17
1279,7,6,1,17
1280,10,14,-4,17
1281,8,6,2,17
1282,13,10,3,17
1283,13,10,3,17
1284,4,12,-8,17
1285,9,6,3,17
1286,14,5,9,17
1287,9,10,-1,17
1288,10,8,2,17
1289,9,9,0,17
1290,6,11,-5,17
1291,8,10,-2,17
1292,7,9,-2,17
1293,8,8,0,17
1294,8,6,2,17
1295,6,8,-2,17
1296,6,9,-3,17
1297,7,9,-2,17
1298,9,7,2,17
1299,7,9,-2,17
1300,9,13,-4,17
1301,9,10,-1,17
1302,6,9,-3,17
1303,8,12,-4,17
1304,8,4,4,17
1305,7,10,-3,17
1306,11,8,3,17
1307,7,10,-3,17
1308,6,9,-3,17
1309,8,1,7,17
1310,6,11,-5,17
1311,6,4,2,17
1312,8,11,-3,17
1313,3,11,-8,17
1314,9,5,4,17
1315,10,11,-1,17
1316,5,9,-4,17
1317,7,7,0,17
1318,7,10,-3,17
1319,11,9,2,17
1320,6,5,1,17
1321,3,10,-7,17
1322,5,10,-5,17
1323,3,9,-6,17
1324,2,10,-8,17
1325,6,10,-4,17
1326,7,10,-3,17
1327,10,8,2,17
1328,6,10,-4,17
1329,10,11,-1,17
1330,9,9,0,17
1331,11,6,5,17
1332,9,7,2,17
1333,12,9,3,17
1334,10,7,3,17
1335,3,7,-4,17
1336,5,5,0,17
1337,7,7,0,17
1338,6,9,-3,17
1339,9,9,0,17
1340,10,6,4,17
1341,8,7,1,17
1342,12,7,5,17
1343,9,8,1,17
1344,8,7,1,17
1345,9,10,-1,17
1346,15,7,8,17
1347,5,8,-3,17
1348,8,11,-3,17
1349,10,5,5,17
1350,10,9,1,17
1351,10,8,2,17
1352,7,6,1,17
1353,10,12,-2,17
1354,9,9,0,17
1355,5,10,-5,17
1356,6,7,-1,17
1357,11,7,4,17
1358,9,9,0,17
1359,11,12,-1,17
1360,7,7,0,17
1361,11,12,-1,17
1362,7,15,-8,17
1363,7,8,-1,17
1364,12,8,4,17
1365,5,11,-6,17
1366,12,5,7,17
1367,5,7,-2,17
1368,9,5,4,17
1369,8,11,-3,17
1370,7,5,2,17
1371,7,10,-3,17
1372,9,7,2,17
1373,11,7,4,17
1374,7,12,-5,17
1375,6,12,-6,17
1376,6,9,-3,17
1377,8,9,-1,17
1378,12,13,-1,17
1379,6,11,-5,17
1380,8,6,2,17
1381,3,10,-7,17
1382,5,12,-7,17
1383,7,11,-4,17
1384,5,7,-2,17
1385,6,6,0,17
1386,9,5,4,17
1387,6,9,-3,17
1388,7,11,-4,17
1389,12,9,3,17
1390,6,7,-1,17
1391,6,8,-2,17
1392,8,9,-1,17
1393,7,6,1,17
1394,10,9,1,17
1395,11,10,1,17
1396,7,6,1,17
1397,7,6,1,17
1398,6,15,-9,17
1399,13,4,9,17
1400,9,5,4,17
1401,7,11,-4,17
1402,8,2,6,17
1403,7,12,-5,17
1404,5,10,-5,17
1405,4,11,-7,17
1406,4,9,-5,17
1407,6,11,-5,17
1408,10,12,-2,17
1409,4,8,-4,17
1410,9,11,-2,17
1411,8,9,-1,17
1412,13,11,2,17
1413,9,2,7,17
1414,4,8,-4,17
1415,11,15,-4,17
1416,7,9,-2,17
1417,13,6,7,17
1418,6,8,-2,17
1419,6,7,-1,17
1420,11,5,6,17
1421,8,13,-5,17
1422,8,11,-3,17
1423,8,12,-4,17
1424,7,9,-2,17
1425,7,9,-2,17
1426,4,9,-5,17
1427,7,12,-5,17
1428,7,13,-6,17
1429,12,8,4,17
1430,7,13,-6,17
1431,8,10,-2,17
1432,6,12,-6,17
1433,11,10,1,17
1434,8,15,-7,17
1435,8,11,-3,17
1436,7,9,-2,17
1437,7,10,-3,17
1438,9,8,1,17
1439,8,9,-1,17
1440,10,11,-1,17
1441,9,7,2,17
1442,9,5,4,17
1443,8,5,3,17
1444,7,12,-5,17
1445,6,10,-4,17
1446,9,9,0,17
1447,7,9,-2,17
1448,6,7,-1,17
1449,10,12,-2,17
1450,9,10,-1,17
1451,7,8,-1,17
1452,11,7,4,17
1453,5,11,-6,17
1454,4,7,-3,17
1455,6,7,-1,17
1456,11,11,0,17
1457,7,7,0,17
1458,10,9,1,17
1459,11,7,4,17
1460,7,10,-3,17
1461,6,9,-3,17
1462,9,9,0,17
1463,8,4,4,17
1464,8,9,-1,17
1465,6,6,0,17
1466,7,9,-2,17
1467,8,12,-4,17
1468,10,12,-2,17
1469,9,16,-7,17
1470,2,16,-14,17
1471,9,8,1,17
1472,8,13,-5,17
1473,7,10,-3,17
1474,8,8,0,17
1475,4,10,-6,17
1476,7,6,1,17
1477,9,9,0,17
1478,9,10,-1,17
1479,7,6,1,17
1480,13,5,8,17
1481,11,8,3,17
1482,5,9,-4,17
1483,4,9,-5,17
1484,8,11,-3,17
1485,6,13,-7,17
1486,7,9,-2,17
1487,9,8,1,17
1488,9,8,1,17
1489,9,10,-1,17
1490,11,10,1,17
1491,9,7,2,17
1492,9,14,-5,17
1493,11,9,2,17
1494,5,12,-7,17
1495,6,7,-1,17
1496,9,12,-3,17
1497,9,9,0,17
1498,9,8,1,17
1499,7,14,-7,17
1500,7,7,0,17
1501,5,12,-7,17
1502,8,7,1,17
1503,6,12,-6,17
1504,5,10,-5,17
1505,4,9,-5,17
1506,8,10,-2,17
1507,6,8,-2,17
1508,9,10,-1,17
1509,9,8,1,17
1510,10,8,2,17
1511,7,9,-2,17
1512,5,9,-4,17
1513,6,11,-5,17
1514,7,6,1,17
1515,5,6,-1,17
1516,5,9,-4,17
1517,3,13,-10,17
1518,10,4,6,17
1519,8,7,1,17
1520,8,8,0,17
1521,6,5,1,17
1522,13,6,7,17
1523,9,13,-4,17
1524,9,5,4,17
1525,15,9,6,17
1526,8,9,-1,17
1527,6,11,-5,17
1528,10,9,1,17
1529,8,10,-2,17
1530,7,4,3,17
1531,6,16,-10,17
1532,7,9,-2,17
1533,4,15,-11,17
1534,5,4,1,17
1535,6,9,-3,17
1536,7,9,-2,17
1537,8,8,0,17
1538,7,10,-3,17
1539,13,10,3,17
1540,8,4,4,17
1541,6,7,-1,17
1542,11,11,0,17
1543,6,7,-1,17
1544,9,7,2,17
1545,4,7,-3,17
1546,10,6,4,17
1547,11,12,-1,17
1548,7,8,-1,17
1549,6,9,-3,17
1550,9,9,0,17
1551,7,8,-1,17
1552,5,12,-7,17
1553,6,10,-4,17
1554,6,15,-9,17
1555,6,13,-7,17
1556,4,10,-6,17
1557,11,10,1,17
1558,6,10,-4,17
1559,8,10,-2,17
1560,6,12,-6,17
1561,7,16,-9,17
1562,9,9,0,17
1563,8,10,-2,17
1564,7,10,-3,17
1565,8,8,0,17
1566,9,10,-1,17
1567,6,3,3,17
1568,6,8,-2,17
1569,8,14,-6,17
1570,6,8,-2,17
1571,4,9,-5,17
1572,5,13,-8,17
1573,7,5,2,17
1574,11,10,1,17
1575,7,10,-3,17
1576,7,9,-2,17
1577,8,6,2,17
1578,10,6,4,17
1579,5,6,-1,17
1580,8,10,-2,17
1581,7,8,-1,17
1582,8,12,-4,17
1583,10,5,5,17
1584,8,11,-3,17
1585,5,9,-4,17
1586,3,11,-8,17
1587,7,12,-5,17
1588,6,17,-11,17
1589,9,13,-4,17
1590,4,8,-4,17
1591,15,6,9,17
1592,11,9,2,17
1593,4,12,-8,17
1594,9,6,3,17
1595,13,5,8,17
1596,12,15,-3,17
1597,8,10,-2,17
1598,8,6,2,17
1599,8,6,2,17
1600,6,11,-5,17
1601,8,7,1,17
1602,12,6,6,17
1603,4,10,-6,17
1604,9,11,-2,17
1605,9,11,-2,17
1606,6,12,-6,17
1607,10,5,5,17
1608,6,10,-4,17
1609,10,7,3,17
1610,3,12,-9,17
1611,10,7,3,17
1612,9,10,-1,17
1613,11,8,3,17
1614,8,10,-2,17
1615,9,10,-1,17
1616,8,6,2,17
1617,4,12,-8,17
1618,6,9,-3,17
1619,11,8,3,17
1620,13,5,8,17
1621,11,8,3,17
1622,6,7,-1,17
1623,7,15,-8,17
1624,9,9,0,17
1625,9,8,1,17
1626,8,8,0,17
1627,7,16,-9,17
1628,8,5,3,17
1629,6,8,-2,17
1630,7,7,0,17
1631,11,15,-4,17
1632,12,4,8,17
1633,9,14,-5,17
1634,4,7,-3,17
1635,9,4,5,17
1636,10,12,-2,17
1637,8,14,-6,17
1638,8,6,2,17
1639,5,11,-6,17
1640,8,5,3,17
1641,10,7,3,17
1642,4,9,-5,17
1643,6,15,-9,17
1644,5,5,0,17
1645,6,10,-4,17
1646,9,8,1,17
1647,6,6,0,17
1648,10,8,2,17
1649,4,15,-11,17
1650,6,7,-1,17
1651,6,11,-5,17
1652,7,12,-5,17
1653,8,6,2,17
1654,11,5,6,17
1655,11,7,4,17
1656,5,9,-4,17
1657,9,7,2,17
1658,11,7,4,17
1659,6,7,-1,17
1660,7,5,2,17
1661,7,13,-6,17
1662,6,9,-3,17
1663,8,12,-4,17
1664,8,5,3,17
1665,8,10,-2,17
1666,6,8,-2,17
1667,8,12,-4,17
1668,11,8,3,17
1669,7,9,-2,17
1670,10,7,3,17
1671,7,10,-3,17
1672,10,14,-4,17
1673,9,11,-2,17
1674,12,8,4,17
1675,7,10,-3,17
1676,14,2,12,17
1677,5,8,-3,17
1678,4,9,-5,17
1679,6,15,-9,17
1680,9,9,0,17
1681,7,5,2,17
1682,7,4,3,17
1683,6,12,-6,17
1684,6,10,-4,17
1685,6,8,-2,17
1686,9,8,1,17
1687,8,11,-3,17
1688,14,9,5,17
1689,11,13,-2,17
1690,7,11,-4,17
1691,5,10,-5,17
1692,8,8,0,17
1693,8,12,-4,17
1694,9,8,1,17
1695,7,8,-1,17
1696,12,7,5,17
1697,5,11,-6,17
1698,11,9,2,17
1699,6,10,-4,17
1700,7,7,0,17
1701,11,6,5,17
1702,6,12,-6,17
1703,4,10,-6,17
1704,8,10,-2,17
1705,9,8,1,17
1706,8,11,-3,17
1707,9,6,3,17
1708,9,10,-1,17
1709,6,8,-2,17
1710,4,6,-2,17
1711,7,5,2,17
1712,15,4,11,17
1713,5,5,0,17
1714,6,14,-8,17
1715,6,7,-1,17
1716,9,11,-2,17
1717,6,11,-5,17
1718,7,10,-3,17
1719,11,8,3,17
1720,11,3,8,17
1721,5,9,-4,17
1722,11,13,-2,17
1723,9,11,-2,17
1724,9,12,-3,17
1725,8,10,-2,17
1726,8,6,2,17
1727,9,16,-7,17
1728,4,7,-3,17
1729,11,9,2,17
1730,15,4,11,17
1731,6,10,-4,17
1732,5,5,0,17
1733,9,14,-5,17
1734,6,13,-7,17
1735,7,12,-5,17
1736,8,8,0,17
1737,11,6,5,17
1738,8,6,2,17
1739,2,10,-8,17
1740,12,10,2,17
1741,12,3,9,17
1742,6,12,-6,17
1743,6,10,-4,17
1744,5,10,-5,17
1745,7,12,-5,17
1746,10,10,0,17
1747,11,8,3,17
1748,7,9,-2,17
1749,9,9,0,17
1750,7,6,1,17
1751,4,10,-6,17
1752,11,18,-7,17
1753,8,5,3,17
1754,7,6,1,17
1755,8,11,-3,17
1756,15,14,1,17
1757,8,8,0,17
1758,9,2,7,17
1759,6,7,-1,17
1760,12,6,6,17
1761,7,8,-1,17
1762,7,7,0,17
1763,8,10,-2,17
1764,7,7,0,17
1765,5,10,-5,17
1766,10,6,4,17
1767,10,13,-3,17
1768,8,11,-3,17
1769,7,12,-5,17
1770,5,12,-7,17
1771,4,16,-12,17
1772,8,9,-1,17
1773,10,9,1,17
1774,6,11,-5,17
1775,3,10,-7,17
1776,8,6,2,17
1777,7,12,-5,17
1778,10,14,-4,17
1779,4,13,-9,17
1780,7,16,-9,17
1781,5,5,0,17
1782,8,9,-1,17
1783,7,5,2,17
1784,4,11,-7,17
1785,6,11,-5,17
1786,13,7,6,17
1787,6,12,-6,17
1788,7,12,-5,17
1789,4,7,-3,17
1790,5,8,-3,17
1791,6,8,-2,17
1792,12,13,-1,17
1793,3,10,-7,17
1794,9,13,-4,17
1795,6,5,1,17
1796,9,13,-4,17
1797,11,9,2,17
1798,6,11,-5,17
1799,9,5,4,17
1800,5,11,-6,17
1801,8,9,-1,17
1802,10,7,3,17
1803,2,9,-7,17
1804,10,12,-2,17
1805,5,11,-6,17
1806,8,12,-4,17
1807,6,8,-2,17
1808,9,9,0,17
1809,8,10,-2,17
1810,7,10,-3,17
1811,9,8,1,17
1812,6,9,-3,17
1813,5,9,-4,17
1814,9,12,-3,17
1815,20,7,13,17
1816,8,3,5,17
1817,5,12,-7,17
1818,2,11,-9,17
1819,4,10,-6,17
1820,6,10,-4,17
1821,5,10,-5,17
1822,5,12,-7,17
1823,4,10,-6,17
1824,5,8,-3,17
1825,10,7,3,17
1826,11,5,6,17
1827,7,11,-4,17
1828,7,13,-6,17
1829,6,8,-2,17
1830,4,9,-5,17
1831,9,7,2,17
1832,8,8,0,17
1833,9,10,-1,17
1834,8,15,-7,17
1835,6,6,0,17
1836,3,9,-6,17
1837,4,12,-8,17
1838,3,9,-6,17
1839,7,9,-2,17
1840,4,15,-11,17
1841,4,10,-6,17
1842,10,8,2,17
1843,14,10,4,17
1844,10,12,-2,17
1845,4,11,-7,17
1846,5,12,-7,17
1847,9,13,-4,17
1848,8,8,0,17
1849,9,5,4,17
1850,8,11,-3,17
1851,4,8,-4,17
1852,9,6,3,17
1853,5,9,-4,17
1854,10,12,-2,17
1855,6,12,-6,17
1856,11,7,4,17
1857,9,6,3,17
1858,8,6,2,17
1859,7,11,-4,17
1860,9,8,1,17
1861,11,15,-4,17
1862,7,11,-4,17
1863,8,10,-2,17
1864,9,14,-5,17
1865,8,14,-6,17
1866,6,11,-5,17
1867,11,9,2,17
1868,8,10,-2,17
1869,11,8,3,17
1870,7,9,-2,17
1871,5,9,-4,17
1872,3,10,-7,17
1873,8,9,-1,17
1874,5,10,-5,17
1875,10,10,0,17
1876,6,8,-2,17
1877,8,12,-4,17
1878,4,9,-5,17
1879,8,7,1,17
1880,4,9,-5,17
1881,7,12,-5,17
1882,8,8,0,17
1883,5,9,-4,17
1884,5,10,-5,17
1885,9,10,-1,17
1886,8,10,-2,17
1887,2,10,-8,17
1888,4,11,-7,17
1889,10,5,5,17
1890,12,8,4,17
1891,7,10,-3,17
1892,10,9,1,17
1893,10,5,5,17
1894,7,13,-6,17
1895,9,3,6,17
1896,11,9,2,17
1897,7,10,-3,17
1898,15,9,6,17
1899,10,9,1,17
1900,13,9,4,17
1901,7,9,-2,17
1902,7,10,-3,17
1903,5,8,-3,17
1904,8,12,-4,17
1905,5,7,-2,17
1906,10,11,-1,17
1907,5,10,-5,17
1908,6,5,1,17
1909,11,10,1,17
1910,8,6,2,17
1911,6,15,-9,17
1912,10,9,1,17
1913,5,12,-7,17
1914,5,11,-6,17
1915,4,9,-5,17
1916,13,5,8,17
1917,6,11,-5,17
1918,5,7,-2,17
1919,16,11,5,17
1920,8,17,-9,17
1921,5,9,-4,17
1922,10,9,1,17
1923,8,5,3,17
1924,5,7,-2,17
1925,7,10,-3,17
1926,11,14,-3,17
1927,10,10,0,17
1928,5,8,-3,17
1929,6,11,-5,17
1930,7,12,-5,17
1931,8,12,-4,17
1932,8,3,5,17
1933,8,8,0,17
1934,6,7,-1,17
1935,10,8,2,17
1936,5,7,-2,17
1937,11,6,5,17
1938,3,16,-13,17
1939,6,6,0,17
1940,7,7,0,17
1941,8,15,-7,17
1942,8,1,7,17
1943,13,12,1,17
1944,9,12,-3,17
1945,8,7,1,17
1946,7,11,-4,17
1947,10,8,2,17
1948,4,11,-7,17
1949,8,11,-3,17
1950,6,15,-9,17
1951,7,4,3,17
1952,5,6,-1,17
1953,5,12,-7,17
1954,6,6,0,17
1955,11,8,3,17
1956,7,9,-2,17
1957,7,5,2,17
1958,6,9,-3,17
1959,9,14,-5,17
1960,7,7,0,17
1961,9,7,2,17
1962,8,11,-3,17
1963,12,8,4,17
1964,9,8,1,17
1965,12,11,1,17
1966,8,9,-1,17
1967,10,7,3,17
1968,2,11,-9,17
1969,7,10,-3,17
1970,7,14,-7,17
1971,7,8,-1,17
1972,9,8,1,17
1973,4,10,-6,17
1974,8,13,-5,17
1975,5,13,-8,17
1976,8,6,2,17
1977,11,8,3,17
1978,8,2,6,17
1979,8,5,3,17
1980,8,8,0,17
1981,8,12,-4,17
1982,9,5,4,17
1983,10,7,3,17
1984,9,10,-1,17
1985,7,11,-4,17
1986,8,5,3,17
1987,12,6,6,17
1988,7,7,0,17
1989,10,6,4,17
1990,9,9,0,17
1991,9,4,5,17
1992,12,9,3,17
1993,9,9,0,17
1994,6,10,-4,17
1995,8,5,3,17
1996,8,9,-1,17
1997,9,13,-4,17
1998,8,10,-2,17
1999,6,13,-7,17
2000,4,13,-9,17
