"family","gene","baseMean","log2FC","lfcSE","pvalue","padj","padj_label","stars","status","plotted_x","whisker_truncated","beyond_axis","low_expression"
"PIEZO","Piezo2",32.6258129516647,-2.82288003055304,0.603232305671949,2.87448774763896e-06,4.68169383438158e-05,"4.7 × 10^-5","****","down",-2.82288003055304,FALSE,FALSE,FALSE
"PIEZO","Piezo1",358.507886905234,-1.4733255148782,0.333849210184162,1.01878947721484e-05,0.000136799867775746,"1.4 × 10^-4","***","down",-1.4733255148782,FALSE,FALSE,FALSE
"TMEM63","Tmem63a",267.721210933359,-1.13446727155221,0.249313029704255,5.35509086609293e-06,7.91951342564783e-05,"7.9 × 10^-5","****","down",-1.13446727155221,FALSE,FALSE,FALSE
"TMEM63","Tmem63b",2132.3373532139,-0.579574783701288,0.166898343800829,0.000515401585168456,0.00337039635468728,"0.0034","**","down",-0.579574783701288,FALSE,FALSE,FALSE
"TMEM63","Tmem63c",10.1325567284418,-0.185980096045955,0.958833105296532,0.846203260591875,0.908604316829269,"0.91","ns","ns",-0.185980096045955,FALSE,FALSE,FALSE
"TMC","Tmc6",391.810744947069,-1.61909389653947,0.188472767799044,8.65173825314915e-18,1.48724237179382e-15,"1.5 × 10^-15","****","down",-1.61909389653947,FALSE,FALSE,FALSE
"TMC","Tmc7",148.981860787926,-0.96582099636934,0.312412507487806,0.00199152857464153,0.00999044181246065,"0.010","**","down",-0.96582099636934,FALSE,FALSE,FALSE
"TMC","Tmc8",65.3562558409636,-0.715584414019382,0.353218184319182,0.0427751219310655,0.108512809317236,"0.11","ns","ns",-0.715584414019382,FALSE,FALSE,FALSE
"TREK/TRAAK","Kcnk2",678.680616318039,-1.18860068812394,0.213270414724161,2.50088609257496e-08,8.11595968958626e-07,"8.1 × 10^-7","****","down",-1.18860068812394,FALSE,FALSE,FALSE
"TREK/TRAAK","Kcnk4",2.60364320000258,4.77010815085927,1.68848600799796,0.00472688038650366,0.0196900425313044,"0.020","*","up",3,TRUE,TRUE,TRUE
"remaining K2P","Kcnk6",87.1105492730622,-0.757570373104328,0.33691671479501,0.0245418411163073,0.0708737492045901,"0.071","ns","ns",-0.757570373104328,FALSE,FALSE,FALSE
"remaining K2P","Kcnk5",13.2748548357349,-0.608895493267281,0.763454378452613,0.425129810586195,0.583671024149732,"0.58","ns","ns",-0.608895493267281,FALSE,FALSE,FALSE
"remaining K2P","Kcnk7",3.04884898271756,-0.388702784643313,1.09368545979016,0.722285173662997,0.825835705310303,"0.83","ns","ns",-0.388702784643313,FALSE,FALSE,FALSE
"remaining K2P","Kcnk3",6653.74932034532,0.207509750250786,0.24477408699012,0.396571483940951,0.557061011665274,"0.56","ns","ns",0.207509750250786,FALSE,FALSE,FALSE
"remaining K2P","Kcnk13",12.1070531422699,0.352061338645131,0.767103940463374,0.646271022051185,0.769849570144266,"0.77","ns","ns",0.352061338645131,FALSE,FALSE,FALSE
"remaining K2P","Kcnk1",12.5386878927882,0.520127161634348,0.932733562697306,0.577091980917945,0.715318838630496,"0.72","ns","ns",0.520127161634348,FALSE,FALSE,FALSE
"TRPC","Trpc4",4.61585023028798,-2.32709049875272,1.03579259151047,0.024660732355201,0.0711110505150306,"0.071","ns","ns",-2.32709049875272,FALSE,FALSE,FALSE
"TRPC","Trpc6",12.2732428952121,-1.29335705234347,0.739013804316808,0.0800989602644561,0.174161320990793,"0.17","ns","ns",-1.29335705234347,FALSE,FALSE,FALSE
"TRPC","Trpc3",39.6002768566595,-1.14496929760846,0.466178518534377,0.0140463928812245,0.0462056599476734,"0.046","*","down",-1.14496929760846,FALSE,FALSE,FALSE
"TRPC","Trpc5",1.8883422967188,-0.461491247716518,1.51570800205768,0.76076801952398,0.852488340969107,"0.85","ns","ns",-0.461491247716518,FALSE,FALSE,FALSE
"TRPC","Trpc1",444.004224335486,-0.150743903757897,0.212169867153851,0.477402273377677,0.632239379891933,"0.63","ns","ns",-0.150743903757897,FALSE,FALSE,FALSE
"TRPV","Trpv1",5.04711374370695,-0.763356784560349,1.05585727324073,0.469696190669023,0.625373102944446,"0.63","ns","ns",-0.763356784560349,FALSE,FALSE,FALSE
"TRPV","Trpv2",63.7336180406261,-0.277887115342965,0.504451670214592,0.58172303358465,0.718903502676112,"0.72","ns","ns",-0.277887115342965,FALSE,FALSE,FALSE
"TRPV","Trpv4",22.8569170767935,0.0853890139542332,0.540471363479886,0.874464761351302,0.92564670080364,"0.93","ns","ns",0.0853890139542332,FALSE,FALSE,FALSE
"TRPM","Trpm5",4.72267942099465,-0.501275670935655,0.839931366250892,0.550637235978616,0.694065030044668,"0.69","ns","ns",-0.501275670935655,FALSE,FALSE,FALSE
"TRPM","Trpm4",239.21504994481,-0.497048147311374,0.185859637098735,0.00748809589730795,0.0280795509652399,"0.028","*","down",-0.497048147311374,FALSE,FALSE,FALSE
"TRPM","Trpm7",1112.70451059413,0.0014913177981708,0.228568554489019,0.994794161398471,0.996777777902502,"1.0","ns","ns",0.0014913177981708,FALSE,FALSE,FALSE
"TRPM","Trpm8",2.78733311488643,0.532468876608397,1.12316094052044,0.635442391566591,0.761023025617655,"0.76","ns","ns",0.532468876608397,FALSE,FALSE,FALSE
"TRPM","Trpm2",22.0492226773511,0.589636445743747,0.710775511551026,0.406783213792472,0.566773947344908,"0.57","ns","ns",0.589636445743747,FALSE,FALSE,FALSE
"TRPML","Mcoln1",752.651895268272,-0.00718434462834127,0.149456841639034,0.961660699040514,0.977739416631673,"0.98","ns","ns",-0.00718434462834127,FALSE,FALSE,FALSE
"TRPML","Mcoln3",6.93715007263857,0.516854048268217,0.978565019888919,0.597377546876849,0.730658616367091,"0.73","ns","ns",0.516854048268217,FALSE,FALSE,FALSE
"TRPML","Mcoln2",16.9101461045546,5.57801627550741,1.02798728575845,5.75816113999242e-08,1.66344748273791e-06,"1.7 × 10^-6","****","up",3,TRUE,TRUE,TRUE
"TRPP","Pkd1",1287.91381860949,-1.23387866745368,0.264987509155371,3.21840531187166e-06,5.12171888402527e-05,"5.1 × 10^-5","****","down",-1.23387866745368,FALSE,FALSE,FALSE
"TRPP","Pkd2",573.06518882738,-0.453049285408612,0.248721965325557,0.0685295277444781,0.154923132903598,"0.15","ns","ns",-0.453049285408612,FALSE,FALSE,FALSE
"TRPP","Pkd1l1",1.96323949916043,-0.243747162035461,1.7264802353608,0.8877265181332,0.933877109054085,"0.93","ns","ns",-0.243747162035461,FALSE,FALSE,FALSE
"TRPP","Pkd2l2",7.67542065301702,2.13559484987183,0.794997342197032,0.00722499579898982,0.0273947099938985,"0.027","*","up",2.13559484987183,FALSE,FALSE,FALSE
"TMEM16","Ano3",2.99366344105718,-1.58928659266895,1.22409695377891,0.194172616380155,0.33598016400162,"0.34","ns","ns",-1.58928659266895,FALSE,FALSE,FALSE
"TMEM16","Ano4",30.8277321410276,-1.47888714877737,0.481992083077988,0.00215294070087126,0.0106161194116805,"0.011","*","down",-1.47888714877737,FALSE,FALSE,FALSE
"TMEM16","Ano1",145.387253857483,-1.19863640915741,0.334536646943068,0.000339703260519899,0.00243615365929223,"0.0024","**","down",-1.19863640915741,FALSE,FALSE,FALSE
"TMEM16","Ano6",779.689486273053,-1.09811740036632,0.245781150996619,7.90035376090472e-06,0.000109645037567408,"1.1 × 10^-4","***","down",-1.09811740036632,FALSE,FALSE,FALSE
"TMEM16","Ano8",407.917407180851,-0.631040082621757,0.154143137010758,4.24254576118112e-05,0.000449140728692845,"4.5 × 10^-4","***","down",-0.631040082621757,FALSE,FALSE,FALSE
"TMEM16","Ano10",3262.02755947897,-0.131986426414713,0.188435436125822,0.483656838825441,0.637314058567646,"0.64","ns","ns",-0.131986426414713,FALSE,FALSE,FALSE
"TMEM16","Ano2",70.5543939838842,0.16090466727416,0.365706863313348,0.659949688441084,0.779707362191262,"0.78","ns","ns",0.16090466727416,FALSE,FALSE,FALSE
"TMEM16","Ano5",2860.53946193054,0.828269239263509,0.773131493913462,0.284026728627962,0.440725003346025,"0.44","ns","ns",0.828269239263509,FALSE,FALSE,FALSE
"ENaC/ASIC","Asic2",3.77977058179977,-1.55314451145819,1.03962380626875,0.135189058967302,0.258013899284412,"0.26","ns","ns",-1.55314451145819,FALSE,FALSE,FALSE
"ENaC/ASIC","Scnn1a",10.7122271071535,-1.47460868433828,0.629772780611609,0.0192067757552712,0.0586884971247834,"0.059","ns","ns",-1.47460868433828,FALSE,FALSE,FALSE
"ENaC/ASIC","Asic1",42.6276157966975,-0.292174859632869,0.548637964113484,0.594348009237806,0.728439230296963,"0.73","ns","ns",-0.292174859632869,FALSE,FALSE,FALSE
"ENaC/ASIC","Asic4",2.33123214943709,1.36129679509915,1.48898169441852,0.36058716172506,0.522725982424215,"0.52","ns","ns",1.36129679509915,FALSE,FALSE,FALSE
"LRRC8 (VRAC)","Lrrc8c",701.914248901805,-0.900058389548774,0.277077180406936,0.00116054703946063,0.00648516823273753,"0.0065","**","down",-0.900058389548774,FALSE,FALSE,FALSE
"LRRC8 (VRAC)","Lrrc8d",389.76979670395,-0.651374042405539,0.227382070743531,0.00417447231187917,0.0178392817373508,"0.018","*","down",-0.651374042405539,FALSE,FALSE,FALSE
"LRRC8 (VRAC)","Lrrc8b",1154.4664280924,-0.602846247756332,0.184171336859053,0.00106303242384424,0.00604525999303171,"0.0060","**","down",-0.602846247756332,FALSE,FALSE,FALSE
"LRRC8 (VRAC)","Lrrc8a",2246.99802125549,-0.434116448745423,0.176998367434011,0.0141805117656942,0.0465850606009427,"0.047","*","down",-0.434116448745423,FALSE,FALSE,FALSE
"LRRC8 (VRAC)","Lrrc8e",2.71209270138416,0.0240369874987192,1.25650804143373,0.984737406462259,0.990499440994018,"0.99","ns","ns",0.0240369874987192,FALSE,FALSE,FALSE
"ClC","Clcn5",117.154809604002,-0.820195513064754,0.361288027901811,0.0231955463394299,0.0680847126872666,"0.068","ns","ns",-0.820195513064754,FALSE,FALSE,FALSE
"ClC","Clcn6",219.050146525005,-0.748881876841194,0.268545759385478,0.00529271689693797,0.0215053009044318,"0.022","*","down",-0.748881876841194,FALSE,FALSE,FALSE
"ClC","Clcn7",543.942319913018,-0.744298952203826,0.155340456710372,1.65617906490721e-06,2.89281498238621e-05,"2.9 × 10^-5","****","down",-0.744298952203826,FALSE,FALSE,FALSE
"ClC","Clcn2",300.739241660027,-0.0740209806112268,0.321102212161719,0.817686517562214,0.889847397031597,"0.89","ns","ns",-0.0740209806112268,FALSE,FALSE,FALSE
"ClC","Clcn3",2543.02871920157,0.234341536589126,0.191980744959783,0.222218092451302,0.370512870559829,"0.37","ns","ns",0.234341536589126,FALSE,FALSE,FALSE
"ClC","Clcn4",771.725390452525,0.314100861522632,0.231847676709872,0.1754900440176,0.312018243137079,"0.31","ns","ns",0.314100861522632,FALSE,FALSE,FALSE
"ClC","Clcn1",37.5735927614412,0.775004142592591,0.415695845095002,0.0622720314713929,0.144213286702191,"0.14","ns","ns",0.775004142592591,FALSE,FALSE,FALSE
"Other","Kcnma1",3.56003117299397,-1.45716152412357,1.21199627320682,0.229254217870384,0.378751487826704,"0.38","ns","ns",-1.45716152412357,FALSE,FALSE,FALSE
"Other","Tmem150c",44.0041551949315,0.240144505588838,0.41832208508216,0.565923108481015,0.706569610919559,"0.71","ns","ns",0.240144505588838,FALSE,FALSE,FALSE
