"block","gene","VST_R004","VST_R005","VST_R006","VST_R007","VST_Bw1","VST_Bw2","VST_Bw3","VST_Bw4","z_R004","z_R005","z_R006","z_R007","z_Bw1","z_Bw2","z_Bw3","z_Bw4","baseMean","log2FC","lfcSE","pvalue","padj","dir","stars"
"Caveolae","Cav1",13.7181400762368,14.0401494769715,13.441585286823,12.8782589002972,12.5350342836985,12.5766030591733,12.8145809236471,12.8496240799239,1.09841167943845,1.67692476157495,0.601561080547885,-0.410495348160022,-1.02712309368752,-0.952441794428161,-0.52489741981399,-0.461939865471577,9325.496360119,-0.891617363804927,0.231023910775963,0.000113658343939355,0.00100220221811838,"down","**"
"Caveolae","Cav2",11.2611439167765,10.5368388705759,10.7856564542337,9.79491715185883,10.0355892559827,10.2614797365621,10.2857677365246,9.9763111325706,1.86334159958543,0.353574182230914,0.872218478086569,-1.19291405918422,-0.691248493027442,-0.220394273167599,-0.169767494894384,-0.814809939629257,1268.18903369875,-0.594705990812539,0.281945382183544,0.0349191243126348,0.0927863232806805,"ns","ns"
"Caveolae","Cav3",12.9588300458078,13.0863797065871,13.0219653993194,13.2586116179093,12.5195364917837,12.7053213423001,12.7878851157005,12.627113065143,0.349712158272494,0.855877493332451,0.600257139490417,1.53935891201841,-1.39357094890028,-0.656306337327713,-0.328662031794833,-0.966666385090936,7465.46641819496,-0.429652379099834,0.127962000055723,0.000786063691133689,0.00477829221569391,"down","**"
"Caveolae","Cavin1",11.572786041047,11.9021980159109,11.6821272027355,11.7227894350111,11.4398282530549,11.6633762167145,11.6480898582001,11.856698587351,-0.766653951801096,1.46429586633737,-0.0261385382835259,0.249247320830471,-1.66711348446805,-0.153130001999329,-0.256657200006303,1.15614998939052,3185.40843494782,-0.067624974657351,0.145655683372263,0.642447377496157,0.766662407594219,"ns","ns"
"Caveolae","Cavin2",12.6456883870251,12.4797712613339,12.446969247384,12.4053092146378,12.5840521683727,12.6953114903545,12.7809932180218,12.5440906494452,0.563613210055301,-0.71887804440963,-0.972428097451191,-1.29444806636779,0.0871831185220225,0.947185404753371,1.60948030615679,-0.221707831258867,5988.85481125398,0.15967599225091,0.121887185849455,0.19018534791226,0.331027369468938,"ns","ns"
"Caveolae","Cavin3",11.9651678996236,12.5568439159934,12.294499103325,12.6221901815268,12.2581059850186,12.5139614007574,12.7109844267921,12.6696173318151,-1.89212664687091,0.422122722535199,-0.603998500038481,0.677714549176333,-0.746344562344579,0.254394386253612,1.02501952762175,0.863218523667054,5539.92277971347,0.17075189287859,0.186837261316843,0.360765681688529,0.522882858792574,"ns","ns"
"Caveolae","Cavin4",11.8435252195406,11.3158110530572,11.9010787871561,11.6937975372291,11.6649355033665,12.319129156351,11.6509541114732,12.0543637456724,0.126693919813583,-1.62922776984705,0.318198268402071,-0.371511551275843,-0.467547387502944,1.70922348103104,-0.514069218517294,0.828240257896424,3523.86585107442,0.252136204642378,0.207282342017345,0.223836324224732,0.372643051460378,"ns","ns"
"Tethers","Flna",12.8119573029053,12.9879493094968,12.1770322785253,11.6700704598162,10.9350218391517,10.4915641711683,10.3181151870501,10.9692425324828,1.2303845475239,1.40131233522132,0.613729667152699,0.121355815650849,-0.592541576699553,-1.02323862705927,-1.19169656846167,-0.559305593328278,3611.28856025607,-1.87553717699129,0.285601285177974,5.13468460853428e-11,3.12801383064464e-09,"down","****"
"Tethers","Ddr1",10.9326015940438,10.9450827492694,10.3095617372792,11.1309649744303,9.66265508730403,9.91988023301288,10.1841063597918,10.2300765542189,0.976563355745106,1.00008285683965,-0.19749355871473,1.35035950343917,-1.41652508160556,-0.931809765862079,-0.433901794553957,-0.347275515287616,1325.01333185744,-0.924839266864963,0.224272523226605,3.72786323425243e-05,0.000404772742170674,"down","***"
"Tethers","Ddr2",10.222546363212,9.91082238592547,9.1362829763702,8.78015094592678,9.25467514764983,8.41718970064618,8.62354924337757,9.26181238297768,1.65021581921721,1.14671372308356,-0.104336066681935,-0.679566837793782,0.0868930679005228,-1.26582827781791,-0.932512684879351,0.0984212569716743,521.612504114335,-0.843049453788572,0.372121562070765,0.0234806872409775,0.0687011298181044,"ns","ns"
"Tethers","Itgb1",13.7721142138663,13.2645958898098,13.5428670144934,13.5896949684676,13.2728946529074,13.3875546910633,13.1666563624878,13.3529834665667,1.7566485532158,-0.765762882255916,0.617269480897605,0.850008597901446,-0.724517287869637,-0.154646649260045,-1.25253108744557,-0.32646872518367,10920.4509559577,-0.259214594224043,0.145020506748848,0.0738673596013067,0.163833047700292,"ns","ns"
"Tethers","Itgb5",12.0010275299045,11.8642929983861,11.923347793397,12.3130186586809,11.4568108977366,11.4184065284701,11.5052593070217,11.841530623708,0.67848331843915,0.237898351079581,0.428184262351413,1.68377876035846,-1.0750873740377,-1.19883364055736,-0.918977278171924,0.16455360053838,3490.97706993468,-0.486951695911894,0.165690014687819,0.00329345261634236,0.0148060394419824,"down","*"
"Tethers","Ilk",12.0207360399549,12.4619324292633,12.1683788290927,12.2307247199409,12.0717850612295,12.1730552631856,12.2272014169905,12.0658625222477,-1.13054408735926,2.05207998821653,-0.0655047835885453,0.38423491971642,-0.76229573338273,-0.0317707547240269,0.3588191432791,-0.805018692157513,4526.56178120852,-0.0955709059767968,0.138162706394618,0.489108644245055,0.642195479450116,"ns","ns"
"Basement membrane","Col4a1",15.1300981028731,15.5879076778967,14.772597958697,14.7005573101605,12.284609389616,12.9057164444177,12.4044378337476,13.4993781859046,0.9408597589938,1.2940844258783,0.665029203612216,0.609445975410478,-1.25458755731037,-0.775370117350465,-1.16213347908476,-0.317328210149207,21048.7595852553,-2.2551572212075,0.28704948043643,3.95532565377112e-15,4.8360819718855e-13,"down","****"
"Basement membrane","Col4a2",14.8641895743047,15.1151814236672,14.5300975303935,14.5269403646723,12.1095941930572,12.6901065949189,12.1367058042852,13.1818282841169,0.974536505460093,1.17505205610817,0.707632817861731,0.705110581284333,-1.22608957497371,-0.7623224677431,-1.20443030727976,-0.369489610717747,17050.3082036818,-2.20413756612064,0.256669529389914,8.89183391372171e-18,1.5135296118631e-15,"down","****"
"Basement membrane","Nid2",10.1037192246822,11.3061853639959,10.4560844362841,10.0507800114381,8.09435004442394,8.51768291630646,8.03775911316112,8.79849637465214,0.561361377342198,1.54954884038822,0.850935339663709,0.517855897128639,-1.0899395347114,-0.742044302560974,-1.13644599919109,-0.511271618059295,812.612816863022,-2.64913835906259,0.335114584365867,2.67564344921232e-15,3.35557586476912e-13,"down","****"
"Basement membrane","Hspg2",14.4484589633995,14.719325449285,13.8052193420565,13.9692782768899,12.3199428116513,12.5427375505693,12.1630234764926,13.0495095903802,1.08070139756863,1.35395205793537,0.431799962858337,0.597302949083241,-1.06655001363886,-0.841794229118083,-1.22485055723049,-0.330561567458144,12853.4159187292,-1.74371499880628,0.252067236077424,4.59170291397346e-12,3.39238919116627e-10,"down","****"
