"class","family","role","tier","gene","protein","baseMean","log2FoldChange","lfcSE","pvalue","padj","mean_norm_Control","mean_norm_rLLB","status","low_expr","on_plot","beyond_axis","nd_reason"
"Nav","Nav1","pore","core","Scn1a","Nav1.1",653.533834264299,-0.890889582838989,0.215370523534259,3.52576230664636e-05,0.000386697947997436,849.06411405199,458.003554476609,"down",FALSE,TRUE,FALSE,NA
"Nav","Nav1","pore","core","Scn2a","Nav1.2",7.70774096145809,-1.23574895074841,0.993463835580457,0.213544044323255,0.360492390153445,10.8842045441461,4.53127737877007,"ns",TRUE,TRUE,FALSE,NA
"Nav","Nav1","pore","core","Scn3a","Nav1.3",39.5802073157767,-0.664910593461812,0.455562614921374,0.14441730358701,0.270540917660517,48.4015066824174,30.758907949136,"ns",FALSE,TRUE,FALSE,NA
"Nav","Nav1","pore","core","Scn4a","Nav1.4",33.9931525939907,0.720498222823567,0.398538044181684,0.0706293729986973,0.158447455001334,25.4368866530644,42.5494185349169,"ns",FALSE,TRUE,FALSE,NA
"Nav","Nav1","pore","core","Scn5a","Nav1.5",11068.9365362089,-0.957270640085017,0.200965414787885,1.9039561910715e-06,3.27616326951273e-05,14612.0609342038,7525.812138214,"down",FALSE,TRUE,FALSE,NA
"Nav","Nav1","pore","core","Scn8a","Nav1.6",NA,NA,NA,NA,NA,NA,NA,"n.d.",FALSE,FALSE,FALSE,"filtered (rowSums < 10)"
"Nav","Nav1","pore","core","Scn9a","Nav1.7",NA,NA,NA,NA,NA,NA,NA,"n.d.",FALSE,FALSE,FALSE,"filtered (rowSums < 10)"
"Nav","Nav1","pore","core","Scn10a","Nav1.8",NA,NA,NA,NA,NA,NA,NA,"n.d.",FALSE,FALSE,FALSE,"filtered (rowSums < 10)"
"Nav","Nav1","pore","core","Scn11a","Nav1.9",NA,NA,NA,NA,NA,NA,NA,"n.d.",FALSE,FALSE,FALSE,"filtered (rowSums < 10)"
"Nav","Nax","pore","core","Scn7a","Nax",196.560744163789,-0.0709899203374279,0.39190857153378,0.85625848615075,0.914796617841937,201.164369690753,191.957118636825,"ns",FALSE,TRUE,FALSE,NA
"Nav","Navβ","auxiliary","auxiliary","Scn1b","Navβ1",7605.93791199593,-0.00989041616350079,0.237050535081164,0.966719664230357,0.980499287905565,7632.18556929956,7579.69025469229,"ns",FALSE,TRUE,FALSE,NA
"Nav","Navβ","auxiliary","auxiliary","Scn2b","Navβ2",5.67335031741032,-1.15429595398303,0.949839705567486,0.224269450268563,0.373122389876821,7.9749607739289,3.37173986089174,"ns",TRUE,TRUE,FALSE,NA
"Nav","Navβ","auxiliary","auxiliary","Scn3b","Navβ3",110.748177169469,-2.05866285503608,0.315696048267938,6.98270219269597e-11,4.12359440372747e-09,177.748004035421,43.7483503035169,"down",FALSE,TRUE,FALSE,NA
"Nav","Navβ","auxiliary","auxiliary","Scn4b","Navβ4",2550.18087078157,0.26328487530566,0.249202193866431,0.290734788175042,0.447905947410824,2318.27199023228,2782.08975133086,"ns",FALSE,TRUE,FALSE,NA
"Cav","Cav1 (L-type)","pore","core","Cacna1s","Cav1.1",NA,NA,NA,NA,NA,NA,NA,"n.d.",FALSE,FALSE,FALSE,"filtered (rowSums < 10)"
"Cav","Cav1 (L-type)","pore","core","Cacna1c","Cav1.2",3877.46792168627,-0.796914057697715,0.215360696678812,0.000215286146191142,0.0016913113439686,4921.64630925231,2833.28953412024,"down",FALSE,TRUE,FALSE,NA
"Cav","Cav1 (L-type)","pore","core","Cacna1d","Cav1.3",23.8952020286913,-2.18246887284704,0.737467353386196,0.00308227888277683,0.0140531843389631,39.2674631910882,8.5229408662944,"down",FALSE,TRUE,FALSE,NA
"Cav","Cav1 (L-type)","pore","core","Cacna1f","Cav1.4",NA,NA,NA,NA,NA,NA,NA,"n.d.",FALSE,FALSE,FALSE,"filtered (rowSums < 10)"
"Cav","Cav2 (P/Q, N, R)","pore","core","Cacna1a","Cav2.1",141.931535976405,-1.51106036265928,0.454378801141333,0.00088243615980999,0.00523074653691398,209.920879617576,73.9421923352342,"down",FALSE,TRUE,FALSE,NA
"Cav","Cav2 (P/Q, N, R)","pore","core","Cacna1b","Cav2.2",NA,NA,NA,NA,NA,NA,NA,"n.d.",FALSE,FALSE,FALSE,"filtered (rowSums < 10)"
"Cav","Cav2 (P/Q, N, R)","pore","core","Cacna1e","Cav2.3",1.44014353391783,0.185346668965252,1.85162686870881,0.920265441520316,NA,1.35037273619391,1.52991433164175,"n.t.",TRUE,FALSE,FALSE,NA
"Cav","Cav3 (T-type)","pore","core","Cacna1g","Cav3.1",217.419256508364,-1.29628488763381,0.262983156199046,8.25857963774637e-07,1.62200746233657e-05,308.421250779769,126.417262236958,"down",FALSE,TRUE,FALSE,NA
"Cav","Cav3 (T-type)","pore","core","Cacna1h","Cav3.2",340.473266979895,-2.05337261591112,0.389041854857184,1.30583689840231e-07,3.33410885736189e-06,548.99278521141,131.953748748379,"down",FALSE,TRUE,FALSE,NA
"Cav","Cav3 (T-type)","pore","core","Cacna1i","Cav3.3",NA,NA,NA,NA,NA,NA,NA,"n.d.",FALSE,FALSE,FALSE,"filtered (rowSums < 10)"
"Cav","Cavβ","auxiliary","auxiliary","Cacnb1","Cavβ1",15.3714552234467,-0.617644836759356,0.61450304871456,0.314842571087196,0.474834669841548,18.4906593310974,12.2522511157961,"ns",FALSE,TRUE,FALSE,NA
"Cav","Cavβ","auxiliary","auxiliary","Cacnb2","Cavβ2",3357.95502118973,0.164986399258413,0.17165543431228,0.336477400959046,0.498499926226722,3166.44824377127,3549.46179860818,"ns",FALSE,TRUE,FALSE,NA
"Cav","Cavβ","auxiliary","auxiliary","Cacnb3","Cavβ3",48.488926739887,-1.15925236321127,0.402303803276805,0.00395743675198545,0.017091795245764,67.0358878960603,29.9419655837137,"down",FALSE,TRUE,FALSE,NA
"Cav","Cavβ","auxiliary","auxiliary","Cacnb4","Cavβ4",3.00490528368105,-0.106064330566123,1.3129925440584,0.935616433532086,0.96100994261852,2.97707303558745,3.03273753177466,"ns",TRUE,TRUE,FALSE,NA
"Cav","α2δ","auxiliary","auxiliary","Cacna2d1","α2δ-1",820.592320379552,-0.065610258678127,0.240244628345757,0.784778104321848,0.867909895358681,838.816150915576,802.368489843527,"ns",FALSE,TRUE,FALSE,NA
"Cav","α2δ","auxiliary","auxiliary","Cacna2d2","α2δ-2",684.678231989433,-1.20446138337662,0.239352651589639,4.84978475632697e-07,1.01570522242882e-05,954.760109507804,414.596354471061,"down",FALSE,TRUE,FALSE,NA
"Cav","α2δ","auxiliary","auxiliary","Cacna2d3","α2δ-3",4.108495410497,0.0424383999919195,1.26559534394961,0.973250059964887,0.983503145399591,4.04442151396943,4.17256930702456,"ns",TRUE,TRUE,FALSE,NA
"Cav","α2δ","auxiliary","auxiliary","Cacna2d4","α2δ-4",604.338740536276,12.66016937764,1.03434915133548,1.90631684260892e-34,1.18205260790629e-31,0,1208.67748107255,"up",TRUE,TRUE,TRUE,NA
"Cav","γ","auxiliary","auxiliary","Cacng1","γ1",NA,NA,NA,NA,NA,NA,NA,"n.d.",FALSE,FALSE,FALSE,"filtered (rowSums < 10)"
"Cav","γ","auxiliary","auxiliary","Cacng2","γ2",NA,NA,NA,NA,NA,NA,NA,"n.d.",FALSE,FALSE,FALSE,"filtered (rowSums < 10)"
"Cav","γ","auxiliary","auxiliary","Cacng3","γ3",NA,NA,NA,NA,NA,NA,NA,"n.d.",FALSE,FALSE,FALSE,"filtered (rowSums < 10)"
"Cav","γ","auxiliary","auxiliary","Cacng4","γ4",8.16320366349832,0.258609639860032,0.957339463653287,0.787057405996798,0.869599763454015,7.34788044950036,8.97852687749627,"ns",FALSE,TRUE,FALSE,NA
"Cav","γ","auxiliary","auxiliary","Cacng5","γ5",1.06224470593935,1.55361337684719,2.72559222863885,0.568671276298736,NA,0.558885958061374,1.56560345381733,"n.t.",TRUE,FALSE,FALSE,NA
"Cav","γ","auxiliary","auxiliary","Cacng6","γ6",280.468747119862,-1.01591778188855,0.259715568147922,9.16656772086827e-05,0.000837190682639216,375.44361311058,185.493881129144,"down",FALSE,TRUE,FALSE,NA
"Cav","γ","auxiliary","auxiliary","Cacng7","γ7",7.30288737608147,-1.12216391017292,0.925715403691163,0.225430995551371,0.374431545466651,9.75765677710229,4.84811797506066,"ns",TRUE,TRUE,FALSE,NA
"Cav","γ","auxiliary","auxiliary","Cacng8","γ8",NA,NA,NA,NA,NA,NA,NA,"n.d.",FALSE,FALSE,FALSE,"filtered (rowSums < 10)"
"Kv","Kv1","pore","core","Kcna1","Kv1.1",NA,NA,NA,NA,NA,NA,NA,"n.d.",FALSE,FALSE,FALSE,"filtered (rowSums < 10)"
"Kv","Kv1","pore","core","Kcna2","Kv1.2",1061.57703021326,0.230443141306343,0.269409244387342,0.392349312757869,0.55318895306985,976.740295747538,1146.41376467899,"ns",FALSE,TRUE,FALSE,NA
"Kv","Kv1","pore","core","Kcna3","Kv1.3",1.92857000128615,-0.707791266297333,1.73101717660309,0.682622230990618,0.796859219690655,2.41254057364516,1.44459942892714,"ns",TRUE,TRUE,FALSE,NA
"Kv","Kv1","pore","core","Kcna4","Kv1.4",267.744763906253,0.246045064830236,0.175624353988904,0.16122199951337,0.293533594332124,244.20757609788,291.281951714625,"ns",FALSE,TRUE,FALSE,NA
"Kv","Kv1","pore","core","Kcna5","Kv1.5",158.648577418963,-1.15712972122751,0.245914035566439,2.53339293925374e-06,4.19714513030753e-05,219.789080223867,97.5080746140581,"down",FALSE,TRUE,FALSE,NA
"Kv","Kv1","pore","core","Kcna6","Kv1.6",1.07233723325338,-1.94147287933919,2.26855151155955,0.392097076524327,NA,1.75327360305243,0.391400863454331,"n.t.",TRUE,FALSE,FALSE,NA
"Kv","Kv1","pore","core","Kcna7","Kv1.7",94.4766603021729,0.326002386942105,0.312037145812729,0.2961361901203,0.453956960345104,83.6544722454523,105.298848358893,"ns",FALSE,TRUE,FALSE,NA
"Kv","Kv1","pore","core","Kcna10","Kv1.8",NA,NA,NA,NA,NA,NA,NA,"n.d.",FALSE,FALSE,FALSE,"filtered (rowSums < 10)"
"Kv","Kv2","pore","core","Kcnb1","Kv2.1",1562.25835701753,-0.171901084238473,0.160557914975254,0.284327525717993,0.441073490128287,1654.75005155214,1469.76666248292,"ns",FALSE,TRUE,FALSE,NA
"Kv","Kv2","pore","core","Kcnb2","Kv2.2",NA,NA,NA,NA,NA,NA,NA,"n.d.",FALSE,FALSE,FALSE,"filtered (rowSums < 10)"
"Kv","Kv3","pore","core","Kcnc1","Kv3.1",3.38382806189138,0.20022910788579,1.05624482361482,0.8496484889531,0.910648624310373,3.10963008170599,3.65802604207677,"ns",TRUE,TRUE,FALSE,NA
"Kv","Kv3","pore","core","Kcnc2","Kv3.2",1.46108661142925,-2.32105895951983,2.13063931665957,0.275989843536587,NA,2.46676783558354,0.455405387274966,"n.t.",TRUE,FALSE,FALSE,NA
"Kv","Kv3","pore","core","Kcnc3","Kv3.3",8.48640679984418,0.784991509181736,0.999355018180372,0.432161559728437,0.590198143632905,6.29646022006147,10.6763533796269,"ns",FALSE,TRUE,FALSE,NA
"Kv","Kv3","pore","core","Kcnc4","Kv3.4",6.69058856168824,-0.895638415983173,0.788008470758231,0.255711915368276,0.409601464583818,8.74510927586289,4.6360678475136,"ns",TRUE,TRUE,FALSE,NA
"Kv","Kv4","pore","core","Kcnd1","Kv4.1",10.1617350333872,-1.59940816611688,0.692016588887654,0.0208202606059394,0.0624216474944255,15.3381056077919,4.98536445898254,"ns",TRUE,TRUE,FALSE,NA
"Kv","Kv4","pore","core","Kcnd2","Kv4.2",350.455692609708,0.22359810488707,0.245814275996062,0.363021824566473,0.525144552418189,323.148800244186,377.76258497523,"ns",FALSE,TRUE,FALSE,NA
"Kv","Kv4","pore","core","Kcnd3","Kv4.3",375.893116204573,0.173504198045963,0.259591456738201,0.503894844111598,0.654967460386951,352.686422523089,399.099809886057,"ns",FALSE,TRUE,FALSE,NA
"Kv","KvS (Kv5/6/8/9)","pore (modifier)","core","Kcnf1","Kv5.1",NA,NA,NA,NA,NA,NA,NA,"n.d.",FALSE,FALSE,FALSE,"filtered (rowSums < 10)"
"Kv","KvS (Kv5/6/8/9)","pore (modifier)","core","Kcng1","Kv6.1",4.18026290824784,-3.08960212911109,1.19523447284798,0.0097397662581197,0.0344753968957134,7.57344733638049,0.787078480115199,"down",TRUE,TRUE,FALSE,NA
"Kv","KvS (Kv5/6/8/9)","pore (modifier)","core","Kcng2","Kv6.2",6429.90983337429,0.020826645734026,0.226621615512574,0.926777073314858,0.955788746474165,6383.96787527411,6475.85179147446,"ns",FALSE,TRUE,FALSE,NA
"Kv","KvS (Kv5/6/8/9)","pore (modifier)","core","Kcng3","Kv6.3",NA,NA,NA,NA,NA,NA,NA,"n.d.",FALSE,FALSE,FALSE,"filtered (rowSums < 10)"
"Kv","KvS (Kv5/6/8/9)","pore (modifier)","core","Kcng4","Kv6.4",20.0700666226644,-0.429545149365715,0.560346943459906,0.443337225435177,0.600219970992323,23.081644829789,17.0584884155399,"ns",FALSE,TRUE,FALSE,NA
"Kv","KvS (Kv5/6/8/9)","pore (modifier)","core","Kcnv1","Kv8.1",1.81505320043725,-0.54766469650472,1.60596292853524,0.733088891712876,0.833249711156724,2.15755128664407,1.47255511423042,"ns",TRUE,TRUE,FALSE,NA
"Kv","KvS (Kv5/6/8/9)","pore (modifier)","core","Kcnv2","Kv8.2",18.1248965503706,-0.539125772238181,0.691462037211879,0.435573590756389,0.593457481182801,21.7063169292157,14.5434761715256,"ns",FALSE,TRUE,FALSE,NA
"Kv","KvS (Kv5/6/8/9)","pore (modifier)","core","Kcns1","Kv9.1",NA,NA,NA,NA,NA,NA,NA,"n.d.",FALSE,FALSE,FALSE,"filtered (rowSums < 10)"
"Kv","KvS (Kv5/6/8/9)","pore (modifier)","core","Kcns2","Kv9.2",NA,NA,NA,NA,NA,NA,NA,"n.d.",FALSE,FALSE,FALSE,"filtered (rowSums < 10)"
"Kv","KvS (Kv5/6/8/9)","pore (modifier)","core","Kcns3","Kv9.3",68.8396709400031,-0.205749745610453,0.281613550942614,0.465017252150932,0.621143986139751,73.8031573321133,63.876184547893,"ns",FALSE,TRUE,FALSE,NA
"Kv","Kv7 (KCNQ)","pore","core","Kcnq1","Kv7.1",3158.36088859676,-0.115553668379625,0.127565345299602,0.36502106038153,0.527245894371391,3284.30615850742,3032.41561868611,"ns",FALSE,TRUE,FALSE,NA
"Kv","Kv7 (KCNQ)","pore","core","Kcnq2","Kv7.2",1.10650837722302,-0.780691941752695,1.95821812502487,0.690132942882501,NA,1.42593827433084,0.787078480115199,"n.t.",TRUE,FALSE,FALSE,NA
"Kv","Kv7 (KCNQ)","pore","core","Kcnq3","Kv7.3",NA,NA,NA,NA,NA,NA,NA,"n.d.",FALSE,FALSE,FALSE,"filtered (rowSums < 10)"
"Kv","Kv7 (KCNQ)","pore","core","Kcnq4","Kv7.4",26.9067315404132,-0.515037934678853,0.54116510538516,0.341238740515247,0.503877106040629,31.5526555482865,22.26080753254,"ns",FALSE,TRUE,FALSE,NA
"Kv","Kv7 (KCNQ)","pore","core","Kcnq5","Kv7.5",30.8302420798783,0.259163433087635,0.577877471221722,0.653810631817945,0.775796896502402,27.9129245179739,33.7475596417828,"ns",FALSE,TRUE,FALSE,NA
"Kv","Kv10 (EAG)","pore","core","Kcnh1","Kv10.1",3.65549574330773,-0.99644245922503,1.60189425740201,0.533915502541274,0.68055509544979,4.93906416325353,2.37192732336194,"ns",TRUE,TRUE,FALSE,NA
"Kv","Kv10 (EAG)","pore","core","Kcnh5","Kv10.2",NA,NA,NA,NA,NA,NA,NA,"n.d.",FALSE,FALSE,FALSE,"filtered (rowSums < 10)"
"Kv","Kv11 (ERG)","pore","core","Kcnh2","Kv11.1",1522.03881529261,-0.948614178956178,0.220883826704356,1.74985385557265e-05,0.000216697308419775,2005.66284935666,1038.41478122856,"down",FALSE,TRUE,FALSE,NA
"Kv","Kv11 (ERG)","pore","core","Kcnh6","Kv11.2",NA,NA,NA,NA,NA,NA,NA,"n.d.",FALSE,FALSE,FALSE,"filtered (rowSums < 10)"
"Kv","Kv11 (ERG)","pore","core","Kcnh7","Kv11.3",6.5064022614388,6.13170965506689,1.29938291312018,2.37077038319791e-06,3.96544464287881e-05,0,13.0128045228776,"up",TRUE,TRUE,TRUE,NA
"Kv","Kv12 (ELK)","pore","core","Kcnh8","Kv12.1",NA,NA,NA,NA,NA,NA,NA,"n.d.",FALSE,FALSE,FALSE,"filtered (rowSums < 10)"
"Kv","Kv12 (ELK)","pore","core","Kcnh3","Kv12.2",NA,NA,NA,NA,NA,NA,NA,"n.d.",FALSE,FALSE,FALSE,"filtered (rowSums < 10)"
"Kv","Kv12 (ELK)","pore","core","Kcnh4","Kv12.3",NA,NA,NA,NA,NA,NA,NA,"n.d.",FALSE,FALSE,FALSE,"filtered (rowSums < 10)"
"Kv","Kvβ","auxiliary","auxiliary","Kcnab1","Kvβ1",15.0640318891829,-1.1822019862677,0.946064423692148,NA,NA,20.8256038448325,9.30245993353325,"n.t.",FALSE,FALSE,FALSE,NA
"Kv","Kvβ","auxiliary","auxiliary","Kcnab2","Kvβ2",46.1180791321931,-0.247888494200756,0.5408410724782,0.646708991586952,0.770107099583859,50.2861266787545,41.9500315856316,"ns",FALSE,TRUE,FALSE,NA
"Kv","Kvβ","auxiliary","auxiliary","Kcnab3","Kvβ3",1.71732814746339,-0.250405336944664,1.8148601764837,0.890260173877587,0.935709575098902,1.78511239806089,1.64954389686588,"ns",TRUE,TRUE,FALSE,NA
"Kv","KCNE","auxiliary","auxiliary","Kcne1","MinK",56.6225275628349,-0.0682961875903498,0.593724529453656,0.908421269925335,0.94550746888338,57.8237116409656,55.4213434847042,"ns",FALSE,TRUE,FALSE,NA
"Kv","KCNE","auxiliary","auxiliary","Kcne2","MiRP1",5.03465850974296,0.718723109009684,1.14455359511224,0.530036306362024,0.677400835558149,3.76567755588229,6.30363946360363,"ns",TRUE,TRUE,FALSE,NA
"Kv","KCNE","auxiliary","auxiliary","Kcne3","MiRP2",3.53642995673854,-3.3008083684725,1.402905765242,0.0186308069852916,0.0572712590082566,6.48362024169231,0.589239671784765,"ns",TRUE,TRUE,FALSE,NA
"Kv","KCNE","auxiliary","auxiliary","Kcne4","MiRP3",83.7660758619552,-2.00643683798224,0.317158227542143,2.51115843397535e-10,1.32922965642317e-08,134.42869947831,33.1034522456007,"down",FALSE,TRUE,FALSE,NA
"Kv","KCNE","auxiliary","auxiliary","Kcne5","KCNE1L",NA,NA,NA,NA,NA,NA,NA,"n.d.",FALSE,FALSE,FALSE,"filtered (rowSums < 10)"
"Kv","KChIP","auxiliary","auxiliary","Kcnip1","KChIP1",NA,NA,NA,NA,NA,NA,NA,"n.d.",FALSE,FALSE,FALSE,"filtered (rowSums < 10)"
"Kv","KChIP","auxiliary","auxiliary","Kcnip2","KChIP2",39200.2951725647,-0.0196119881660508,0.233316514939448,0.933010765486242,0.959705852818153,39467.1824130847,38933.4079320448,"ns",FALSE,TRUE,FALSE,NA
"Kv","KChIP","auxiliary","auxiliary","Kcnip3","KChIP3",20.4973669959194,-0.384518155876913,0.740940767555805,0.603789072941556,0.736058047555791,23.2894792630379,17.7052547288009,"ns",FALSE,TRUE,FALSE,NA
"Kv","KChIP","auxiliary","auxiliary","Kcnip4","KChIP4",1.75272064860968,-0.397761248833258,1.54675370001666,0.797056225713832,0.876908319551585,2.03097798298518,1.47446331423418,"ns",TRUE,TRUE,FALSE,NA
"Kv","DPPX/DPPY","auxiliary","auxiliary","Dpp6","DPPX",NA,NA,NA,NA,NA,NA,NA,"n.d.",FALSE,FALSE,FALSE,"filtered (rowSums < 10)"
"Kv","DPPX/DPPY","auxiliary","auxiliary","Dpp10","DPPY",NA,NA,NA,NA,NA,NA,NA,"n.d.",FALSE,FALSE,FALSE,"filtered (rowSums < 10)"
"Related","HCN","pore","extended","Hcn1","HCN1",NA,NA,NA,NA,NA,NA,NA,"n.d.",FALSE,FALSE,FALSE,"filtered (rowSums < 10)"
"Related","HCN","pore","extended","Hcn2","HCN2",4815.78490865978,-0.0739475694981579,0.328370642329347,0.821827240931705,0.892451558796117,4939.26563726893,4692.30418005064,"ns",FALSE,TRUE,FALSE,NA
"Related","HCN","pore","extended","Hcn3","HCN3",NA,NA,NA,NA,NA,NA,NA,"n.d.",FALSE,FALSE,FALSE,"filtered (rowSums < 10)"
"Related","HCN","pore","extended","Hcn4","HCN4",389.929062164358,-1.90447242563829,0.325442094281716,4.85828677539713e-09,1.92578938343482e-07,615.695454921332,164.162669407384,"down",FALSE,TRUE,FALSE,NA
"Related","BK","pore","extended","Kcnma1","KCa1.1",3.56003117299397,-1.45716152412357,1.21199627320682,0.229254217870384,0.378751487826704,5.26061329810922,1.85944904787871,"ns",TRUE,TRUE,FALSE,NA
"Related","Slo-like","pore","extended","Kcnt1","KNa1.1",3.69028063703472,-5.35120177468726,1.80105909999076,0.00296694863633402,0.013649221574995,7.38056127406945,0,"down",TRUE,TRUE,TRUE,NA
"Related","Slo-like","pore","extended","Kcnt2","KNa1.2",7.20356160236344,-0.606768273824219,0.892999297495082,0.496838662041759,0.648190024824844,8.6430035954427,5.76411960928417,"ns",FALSE,TRUE,FALSE,NA
"Related","Slo-like","pore","extended","Kcnu1","KCa5.1",NA,NA,NA,NA,NA,NA,NA,"n.d.",FALSE,FALSE,FALSE,"filtered (rowSums < 10)"
"Related","CatSper","pore","extended","Catsper1","CatSper1",NA,NA,NA,NA,NA,NA,NA,"n.d.",FALSE,FALSE,FALSE,"filtered (rowSums < 10)"
"Related","CatSper","pore","extended","Catsper2","CatSper2",67.5801810761339,0.566058704505742,0.303934792910408,0.0625418419721611,0.144722305787107,54.4673770597627,80.6929850925051,"ns",FALSE,TRUE,FALSE,NA
"Related","CatSper","pore","extended","Catsper3","CatSper3",NA,NA,NA,NA,NA,NA,NA,"n.d.",FALSE,FALSE,FALSE,"filtered (rowSums < 10)"
"Related","CatSper","pore","extended","Catsper4","CatSper4",4.13733452174501,0.964525495988281,1.18311995590009,0.414935534297292,0.574812992926942,2.68781794611341,5.58685109737661,"ns",TRUE,TRUE,FALSE,NA
"Related","TPC","pore","extended","Tpcn1","TPC1",2226.26856937054,-0.646526497997252,0.217365488316154,0.0029358593966766,0.0135381259985183,2716.74095211,1735.79618663109,"down",FALSE,TRUE,FALSE,NA
"Related","TPC","pore","extended","Tpcn2","TPC2",63.5985458022378,-0.890404640751508,0.339932148962984,0.00880949496343928,0.0318739935898516,82.2745742134118,44.9225173910639,"down",FALSE,TRUE,FALSE,NA
"Related","Hv1","pore","extended","Hvcn1","Hv1",16.8585565809059,-0.970276318827156,0.55384293201368,0.0797913504184284,0.173753596634235,22.5173205290174,11.1997926327944,"ns",FALSE,TRUE,FALSE,NA
"Related","NALCN","pore","extended","Nalcn","NALCN",58.5116385724883,-0.0630612450863372,0.29668756697325,0.831677178465237,0.898542574518572,59.5177090805084,57.5055680644681,"ns",FALSE,TRUE,FALSE,NA
