"block","gene","present","baseMean","log2FoldChange","lfcSE","padj","direction","stars"
"Immune","Ptprc",TRUE,189.788347369964,0.629821810828822,0.464420489417322,0.311499693623227,"NS","ns"
"Immune","Cd68",TRUE,172.310050975873,0.124390591366738,0.46968503593364,0.872452308793449,"NS","ns"
"Immune","Adgre1",TRUE,695.610057889786,-0.0879742261315241,0.798545414957478,0.947922125971209,"NS","ns"
"Immune","Mrc1",TRUE,302.455447798905,-0.0840734881324525,0.440492327719226,0.910170917957251,"NS","ns"
"Immune","Csf1r",TRUE,664.385064246009,-0.732058641547992,0.605911182033604,0.376128173243692,"NS","ns"
"Fibroblast identity","Tcf21",TRUE,94.2580022082716,-0.820902615744588,0.453224577642721,0.157555482688826,"NS","ns"
"Fibroblast identity","Pdgfra",TRUE,468.125165992617,-0.748892857291878,0.412689765999427,0.156655881031086,"NS","ns"
"Matrix production","Col1a1",TRUE,4482.1409614959,-2.8282861347426,0.625453437468627,8.86505168722319e-05,"Down","****"
"Matrix production","Col3a1",TRUE,11781.3800449908,-2.81895796381177,0.384116961802464,2.00095361861818e-11,"Down","****"
"Matrix production","Postn",TRUE,208.430292576568,-2.78112624008308,0.373497182813589,9.37193603834714e-12,"Down","****"
"Matrix production","Eln",TRUE,1338.51678541403,-2.83458721948862,0.645539250042681,0.000149513257990527,"Down","***"
"Matrix production","Fbn1",TRUE,1887.27412597129,-2.56987952299455,0.613044789234961,0.000315015963185935,"Down","***"
