"gene","sample","group","value"
"Kcnk2","R004","Sham",1264.31178004512
"Kcnk2","R005","Sham",780.501224164102
"Kcnk2","R006","Sham",982.394909509465
"Kcnk2","R007","Sham",746.631002994339
"Kcnk2","Bw1","rLLB",402.360087631053
"Kcnk2","Bw2","rLLB",377.34776903073
"Kcnk2","Bw3","rLLB",367.056742143622
"Kcnk2","Bw4","rLLB",508.841415025876
"Kcnk3","R004","Sham",4043.37181575379
"Kcnk3","R005","Sham",5951.17057432412
"Kcnk3","R006","Sham",5343.69506623572
"Kcnk3","R007","Sham",9368.89867905277
"Kcnk3","Bw1","rLLB",7462.44886262028
"Kcnk3","Bw2","rLLB",5954.77070116004
"Kcnk3","Bw3","rLLB",6578.78622457416
"Kcnk3","Bw4","rLLB",8526.8526390417
