"perm","down","up","diff"
1,8,8,0
2,12,5,7
3,7,11,-4
4,11,5,6
5,4,10,-6
6,5,7,-2
7,7,8,-1
8,10,11,-1
9,6,13,-7
10,5,7,-2
11,7,10,-3
12,5,13,-8
13,6,4,2
14,4,7,-3
15,7,12,-5
16,6,9,-3
17,8,7,1
18,7,10,-3
19,7,9,-2
20,3,9,-6
21,8,9,-1
22,6,5,1
23,9,4,5
24,5,11,-6
25,8,15,-7
26,6,8,-2
27,9,12,-3
28,2,9,-7
29,9,7,2
30,5,15,-10
31,11,10,1
32,7,8,-1
33,6,8,-2
34,9,12,-3
35,8,7,1
36,7,14,-7
37,13,6,7
38,9,10,-1
39,3,8,-5
40,8,8,0
41,10,10,0
42,7,12,-5
43,4,6,-2
44,7,5,2
45,6,3,3
46,11,8,3
47,11,7,4
48,6,9,-3
49,5,10,-5
50,9,6,3
51,4,12,-8
52,6,13,-7
53,4,11,-7
54,6,12,-6
55,6,7,-1
56,7,6,1
57,7,12,-5
58,4,13,-9
59,4,8,-4
60,5,10,-5
61,7,12,-5
62,8,11,-3
63,7,7,0
64,5,7,-2
65,6,5,1
66,10,9,1
67,6,10,-4
68,3,7,-4
69,8,7,1
70,10,8,2
71,5,10,-5
72,3,11,-8
73,4,10,-6
74,13,1,12
75,9,10,-1
76,12,10,2
77,6,5,1
78,10,3,7
79,10,13,-3
80,7,7,0
81,10,13,-3
82,4,9,-5
83,7,10,-3
84,4,12,-8
85,7,7,0
86,6,4,2
87,6,10,-4
88,11,9,2
89,6,10,-4
90,9,9,0
91,6,8,-2
92,14,7,7
93,14,7,7
94,5,10,-5
95,4,7,-3
96,15,12,3
97,12,7,5
98,7,10,-3
99,10,7,3
100,8,12,-4
101,5,12,-7
102,6,9,-3
103,11,7,4
104,2,14,-12
105,5,11,-6
106,11,8,3
107,8,7,1
108,6,6,0
109,6,9,-3
110,9,15,-6
111,3,9,-6
112,6,7,-1
113,6,10,-4
114,8,8,0
115,10,11,-1
116,7,7,0
117,8,11,-3
118,6,10,-4
119,6,10,-4
120,10,7,3
121,5,9,-4
122,8,7,1
123,8,12,-4
124,5,6,-1
125,11,6,5
126,5,12,-7
127,8,10,-2
128,11,6,5
129,5,9,-4
130,7,5,2
131,12,7,5
132,7,13,-6
133,9,14,-5
134,6,14,-8
135,6,12,-6
136,10,8,2
137,5,12,-7
138,7,10,-3
139,8,10,-2
140,3,10,-7
141,5,6,-1
142,7,12,-5
143,11,5,6
144,9,11,-2
145,5,8,-3
146,3,13,-10
147,7,7,0
148,7,6,1
149,9,8,1
150,7,12,-5
151,5,12,-7
152,4,15,-11
153,12,5,7
154,8,5,3
155,10,11,-1
156,10,4,6
157,6,5,1
158,10,7,3
159,7,11,-4
160,6,7,-1
161,9,8,1
162,4,7,-3
163,10,8,2
164,7,6,1
165,14,6,8
166,4,6,-2
167,3,8,-5
168,8,8,0
169,7,8,-1
170,10,11,-1
171,8,10,-2
172,9,8,1
173,6,11,-5
174,7,11,-4
175,8,14,-6
176,10,8,2
177,3,8,-5
178,6,10,-4
179,10,4,6
180,8,8,0
181,5,12,-7
182,7,8,-1
183,6,8,-2
184,7,7,0
185,7,10,-3
186,11,11,0
187,9,10,-1
188,4,10,-6
189,7,11,-4
190,9,5,4
191,6,12,-6
192,9,11,-2
193,7,10,-3
194,5,12,-7
195,6,8,-2
196,8,13,-5
197,10,10,0
198,13,11,2
199,7,12,-5
200,7,14,-7
201,8,12,-4
202,9,9,0
203,9,8,1
204,10,5,5
205,12,3,9
206,6,11,-5
207,7,9,-2
208,5,11,-6
209,7,9,-2
210,13,8,5
211,5,10,-5
212,5,9,-4
213,7,11,-4
214,8,8,0
215,7,7,0
216,10,8,2
217,11,11,0
218,5,10,-5
219,9,7,2
220,9,10,-1
221,4,11,-7
222,7,9,-2
223,6,10,-4
224,10,2,8
225,5,11,-6
226,5,10,-5
227,5,11,-6
228,4,10,-6
229,12,13,-1
230,8,7,1
231,4,9,-5
232,10,8,2
233,7,14,-7
234,5,7,-2
235,6,14,-8
236,4,7,-3
237,4,7,-3
238,8,9,-1
239,9,6,3
240,5,8,-3
241,11,12,-1
242,5,14,-9
243,7,4,3
244,6,11,-5
245,8,9,-1
246,12,10,2
247,14,8,6
248,9,11,-2
249,9,6,3
250,7,11,-4
251,6,7,-1
252,5,11,-6
253,5,9,-4
254,11,6,5
255,9,15,-6
256,12,10,2
257,7,4,3
258,6,11,-5
259,8,8,0
260,7,9,-2
261,8,12,-4
262,5,8,-3
263,8,9,-1
264,9,9,0
265,10,9,1
266,11,9,2
267,4,12,-8
268,6,10,-4
269,7,5,2
270,7,7,0
271,8,9,-1
272,0,11,-11
273,7,5,2
274,8,10,-2
275,8,13,-5
276,10,11,-1
277,7,7,0
278,8,9,-1
279,11,12,-1
280,8,12,-4
281,7,5,2
282,11,5,6
283,12,7,5
284,7,11,-4
285,10,8,2
286,9,8,1
287,8,8,0
288,10,9,1
289,7,11,-4
290,11,13,-2
291,3,8,-5
292,6,11,-5
293,8,14,-6
294,10,10,0
295,7,12,-5
296,5,8,-3
297,6,9,-3
298,11,8,3
299,9,8,1
300,7,5,2
301,5,9,-4
302,4,12,-8
303,10,8,2
304,6,9,-3
305,11,8,3
306,7,8,-1
307,5,10,-5
308,9,13,-4
309,6,4,2
310,11,8,3
311,9,8,1
312,6,7,-1
313,7,10,-3
314,9,7,2
315,6,13,-7
316,4,10,-6
317,7,9,-2
318,7,9,-2
319,1,9,-8
320,7,12,-5
321,7,8,-1
322,9,8,1
323,5,9,-4
324,8,5,3
325,5,11,-6
326,7,9,-2
327,6,8,-2
328,7,11,-4
329,4,5,-1
330,7,6,1
331,7,8,-1
332,7,8,-1
333,14,10,4
334,10,7,3
335,3,9,-6
336,8,11,-3
337,5,14,-9
338,5,8,-3
339,7,12,-5
340,2,8,-6
341,10,7,3
342,7,5,2
343,12,9,3
344,11,10,1
345,7,9,-2
346,7,10,-3
347,4,12,-8
348,4,8,-4
349,6,12,-6
350,5,9,-4
351,11,10,1
352,9,11,-2
353,7,8,-1
354,5,9,-4
355,12,3,9
356,6,9,-3
357,8,9,-1
358,4,10,-6
359,8,18,-10
360,9,11,-2
361,4,12,-8
362,11,11,0
363,6,8,-2
364,7,8,-1
365,3,11,-8
366,7,5,2
367,9,10,-1
368,6,10,-4
369,9,11,-2
370,5,9,-4
371,5,9,-4
372,7,11,-4
373,8,6,2
374,7,7,0
375,9,9,0
376,13,14,-1
377,5,16,-11
378,10,10,0
379,9,13,-4
380,11,12,-1
381,7,11,-4
382,10,7,3
383,8,8,0
384,6,9,-3
385,7,7,0
386,12,8,4
387,11,10,1
388,7,10,-3
389,7,7,0
390,5,11,-6
391,7,10,-3
392,5,8,-3
393,9,10,-1
394,15,9,6
395,9,7,2
396,5,10,-5
397,6,9,-3
398,4,17,-13
399,8,8,0
400,13,7,6
401,11,13,-2
402,9,13,-4
403,8,7,1
404,6,6,0
405,7,6,1
406,6,12,-6
407,6,13,-7
408,9,10,-1
409,6,4,2
410,7,13,-6
411,8,9,-1
412,6,10,-4
413,5,9,-4
414,12,8,4
415,8,7,1
416,6,9,-3
417,6,8,-2
418,6,8,-2
419,5,7,-2
420,7,9,-2
421,7,4,3
422,3,8,-5
423,6,6,0
424,8,4,4
425,15,4,11
426,8,12,-4
427,7,10,-3
428,12,8,4
429,6,8,-2
430,9,10,-1
431,8,8,0
432,6,6,0
433,9,11,-2
434,4,12,-8
435,8,13,-5
436,7,8,-1
437,6,10,-4
438,6,5,1
439,12,12,0
440,10,7,3
441,7,7,0
442,9,9,0
443,10,6,4
444,7,9,-2
445,6,11,-5
446,11,10,1
447,9,8,1
448,6,14,-8
449,8,10,-2
450,10,8,2
451,9,7,2
452,12,10,2
453,9,9,0
454,5,14,-9
455,9,7,2
456,11,10,1
457,8,14,-6
458,7,8,-1
459,2,13,-11
460,7,11,-4
461,5,10,-5
462,7,10,-3
463,8,6,2
464,10,7,3
465,6,14,-8
466,3,8,-5
467,8,13,-5
468,12,6,6
469,12,13,-1
470,6,7,-1
471,8,8,0
472,5,8,-3
473,10,9,1
474,11,6,5
475,12,4,8
476,7,10,-3
477,8,7,1
478,8,7,1
479,13,9,4
480,8,8,0
481,6,7,-1
482,11,12,-1
483,8,5,3
484,7,12,-5
485,6,8,-2
486,5,10,-5
487,5,10,-5
488,8,8,0
489,11,6,5
490,9,7,2
491,10,7,3
492,9,8,1
493,9,7,2
494,7,15,-8
495,8,7,1
496,6,10,-4
497,9,9,0
498,6,8,-2
499,9,12,-3
500,7,7,0
501,10,10,0
502,7,9,-2
503,6,11,-5
504,7,13,-6
505,7,7,0
506,8,11,-3
507,2,9,-7
508,6,9,-3
509,5,7,-2
510,5,10,-5
511,5,4,1
512,6,15,-9
513,7,9,-2
514,4,12,-8
515,5,7,-2
516,8,6,2
517,16,11,5
518,9,10,-1
519,11,3,8
520,8,11,-3
521,8,9,-1
522,5,17,-12
523,7,10,-3
524,9,8,1
525,7,11,-4
526,5,14,-9
527,6,10,-4
528,7,9,-2
529,5,8,-3
530,12,8,4
531,3,12,-9
532,5,10,-5
533,7,9,-2
534,10,10,0
535,4,10,-6
536,3,9,-6
537,8,7,1
538,3,10,-7
539,8,10,-2
540,8,6,2
541,11,9,2
542,13,7,6
543,15,9,6
544,10,11,-1
545,11,10,1
546,12,10,2
547,5,5,0
548,6,13,-7
549,9,12,-3
550,5,5,0
551,4,12,-8
552,5,11,-6
553,8,10,-2
554,9,12,-3
555,4,10,-6
556,11,6,5
557,4,10,-6
558,6,6,0
559,11,9,2
560,8,9,-1
561,8,13,-5
562,16,11,5
563,8,6,2
564,8,8,0
565,6,9,-3
566,8,9,-1
567,8,12,-4
568,6,9,-3
569,6,9,-3
570,10,12,-2
571,12,7,5
572,5,13,-8
573,9,5,4
574,3,11,-8
575,7,7,0
576,6,9,-3
577,7,13,-6
578,4,12,-8
579,6,5,1
580,5,7,-2
581,7,11,-4
582,5,8,-3
583,5,10,-5
584,6,7,-1
585,10,13,-3
586,3,9,-6
587,6,10,-4
588,6,8,-2
589,7,9,-2
590,6,14,-8
591,10,8,2
592,11,12,-1
593,7,10,-3
594,8,11,-3
595,11,11,0
596,2,3,-1
597,10,13,-3
598,8,9,-1
599,8,9,-1
600,14,9,5
601,9,8,1
602,9,14,-5
603,4,11,-7
604,8,9,-1
605,9,9,0
606,8,8,0
607,5,5,0
608,5,8,-3
609,5,11,-6
610,5,10,-5
611,5,9,-4
612,12,10,2
613,4,12,-8
614,6,5,1
615,6,7,-1
616,7,10,-3
617,8,6,2
618,11,8,3
619,8,5,3
620,5,6,-1
621,9,9,0
622,5,14,-9
623,9,13,-4
624,8,12,-4
625,8,12,-4
626,11,12,-1
627,13,10,3
628,7,6,1
629,7,7,0
630,6,10,-4
631,9,7,2
632,9,13,-4
633,6,12,-6
634,4,14,-10
635,9,4,5
636,4,8,-4
637,10,9,1
638,8,16,-8
639,9,8,1
640,9,8,1
641,3,13,-10
642,2,10,-8
643,11,6,5
644,7,9,-2
645,7,14,-7
646,3,11,-8
647,6,5,1
648,9,13,-4
649,5,6,-1
650,9,8,1
651,12,11,1
652,7,4,3
653,4,10,-6
654,10,11,-1
655,8,10,-2
656,8,10,-2
657,10,7,3
658,5,12,-7
659,7,7,0
660,9,6,3
661,11,8,3
662,5,5,0
663,10,6,4
664,6,14,-8
665,6,13,-7
666,14,8,6
667,11,12,-1
668,12,7,5
669,5,6,-1
670,9,10,-1
671,9,7,2
672,6,6,0
673,6,12,-6
674,9,8,1
675,7,12,-5
676,6,10,-4
677,6,6,0
678,8,9,-1
679,9,10,-1
680,6,13,-7
681,11,7,4
682,9,10,-1
683,9,5,4
684,10,10,0
685,6,11,-5
686,6,5,1
687,5,9,-4
688,10,13,-3
689,7,9,-2
690,9,12,-3
691,11,11,0
692,8,9,-1
693,9,10,-1
694,5,11,-6
695,9,9,0
696,8,7,1
697,10,9,1
698,7,17,-10
699,7,6,1
700,6,10,-4
701,13,10,3
702,4,11,-7
703,14,5,9
704,6,12,-6
705,6,5,1
706,7,9,-2
707,4,9,-5
708,6,10,-4
709,8,12,-4
710,9,6,3
711,6,10,-4
712,10,9,1
713,9,8,1
714,8,3,5
715,12,5,7
716,8,8,0
717,5,10,-5
718,14,11,3
719,6,8,-2
720,6,7,-1
721,8,10,-2
722,5,9,-4
723,11,7,4
724,7,10,-3
725,9,6,3
726,6,8,-2
727,6,11,-5
728,6,10,-4
729,5,7,-2
730,5,9,-4
731,5,8,-3
732,10,8,2
733,11,7,4
734,7,10,-3
735,13,7,6
736,8,8,0
737,14,16,-2
738,2,5,-3
739,12,9,3
740,9,7,2
741,14,6,8
742,8,8,0
743,7,7,0
744,6,17,-11
745,6,8,-2
746,8,11,-3
747,7,15,-8
748,7,9,-2
749,6,8,-2
750,9,7,2
751,6,4,2
752,11,2,9
753,8,10,-2
754,10,13,-3
755,7,9,-2
756,7,12,-5
757,6,12,-6
758,10,9,1
759,5,13,-8
760,6,7,-1
761,11,7,4
762,9,7,2
763,6,11,-5
764,6,9,-3
765,11,2,9
766,10,5,5
767,10,13,-3
768,10,6,4
769,9,10,-1
770,5,8,-3
771,9,5,4
772,7,10,-3
773,6,9,-3
774,6,11,-5
775,9,9,0
776,10,5,5
777,11,12,-1
778,5,8,-3
779,7,9,-2
780,6,10,-4
781,6,9,-3
782,11,9,2
783,9,13,-4
784,8,11,-3
785,6,5,1
786,8,9,-1
787,7,7,0
788,9,8,1
789,7,11,-4
790,6,15,-9
791,6,8,-2
792,8,7,1
793,4,9,-5
794,5,6,-1
795,11,11,0
796,8,8,0
797,14,10,4
798,4,14,-10
799,7,11,-4
800,3,14,-11
801,8,9,-1
802,7,12,-5
803,9,3,6
804,5,9,-4
805,9,10,-1
806,6,8,-2
807,3,9,-6
808,8,8,0
809,3,10,-7
810,6,5,1
811,10,7,3
812,6,13,-7
813,10,11,-1
814,7,10,-3
815,9,9,0
816,8,9,-1
817,10,10,0
818,7,8,-1
819,7,13,-6
820,10,10,0
821,10,5,5
822,6,9,-3
823,5,14,-9
824,9,10,-1
825,8,10,-2
826,6,9,-3
827,7,10,-3
828,5,11,-6
829,12,9,3
830,8,11,-3
831,5,9,-4
832,8,10,-2
833,9,6,3
834,8,8,0
835,6,13,-7
836,8,10,-2
837,10,7,3
838,3,8,-5
839,6,9,-3
840,8,13,-5
841,10,5,5
842,10,10,0
843,7,14,-7
844,8,7,1
845,9,14,-5
846,13,7,6
847,7,5,2
848,9,12,-3
849,6,10,-4
850,6,6,0
851,5,11,-6
852,5,8,-3
853,8,7,1
854,5,10,-5
855,9,12,-3
856,10,4,6
857,12,10,2
858,11,6,5
859,11,6,5
860,8,11,-3
861,10,7,3
862,7,11,-4
863,8,8,0
864,8,9,-1
865,7,7,0
866,11,4,7
867,9,16,-7
868,7,11,-4
869,14,9,5
870,10,7,3
871,4,14,-10
872,11,8,3
873,10,12,-2
874,5,11,-6
875,6,15,-9
876,9,8,1
877,5,8,-3
878,9,9,0
879,6,12,-6
880,5,10,-5
881,11,10,1
882,8,12,-4
883,3,8,-5
884,7,6,1
885,5,10,-5
886,8,8,0
887,6,9,-3
888,3,13,-10
889,9,10,-1
890,5,11,-6
891,10,12,-2
892,4,8,-4
893,3,9,-6
894,4,9,-5
895,12,11,1
896,5,10,-5
897,4,16,-12
898,6,10,-4
899,4,15,-11
900,6,10,-4
901,7,6,1
902,11,12,-1
903,6,7,-1
904,8,11,-3
905,7,5,2
906,4,8,-4
907,9,9,0
908,6,10,-4
909,7,12,-5
910,9,10,-1
911,12,8,4
912,7,6,1
913,8,12,-4
914,8,12,-4
915,8,7,1
916,13,8,5
917,10,10,0
918,5,6,-1
919,7,13,-6
920,7,16,-9
921,7,11,-4
922,9,4,5
923,12,9,3
924,11,6,5
925,6,11,-5
926,11,5,6
927,5,16,-11
928,1,9,-8
929,7,6,1
930,7,11,-4
931,8,10,-2
932,6,10,-4
933,10,8,2
934,10,8,2
935,3,3,0
936,6,10,-4
937,7,8,-1
938,7,12,-5
939,10,7,3
940,11,13,-2
941,7,7,0
942,12,16,-4
943,8,8,0
944,5,9,-4
945,8,5,3
946,7,12,-5
947,7,12,-5
948,9,8,1
949,8,10,-2
950,6,11,-5
951,5,7,-2
952,7,9,-2
953,8,12,-4
954,9,9,0
955,7,11,-4
956,6,14,-8
957,8,9,-1
958,12,5,7
959,1,16,-15
960,7,11,-4
961,11,7,4
962,8,11,-3
963,10,9,1
964,9,13,-4
965,8,7,1
966,10,4,6
967,9,5,4
968,4,15,-11
969,8,4,4
970,9,8,1
971,10,6,4
972,12,10,2
973,8,4,4
974,7,7,0
975,8,11,-3
976,3,7,-4
977,9,8,1
978,4,13,-9
979,3,9,-6
980,3,12,-9
981,4,11,-7
982,8,10,-2
983,7,10,-3
984,9,9,0
985,5,17,-12
986,8,8,0
987,8,10,-2
988,10,10,0
989,8,3,5
990,9,10,-1
991,8,11,-3
992,10,14,-4
993,9,4,5
994,5,8,-3
995,13,6,7
996,8,6,2
997,3,12,-9
998,8,12,-4
999,5,11,-6
1000,7,12,-5
1001,4,11,-7
1002,12,3,9
1003,10,11,-1
1004,7,11,-4
1005,12,6,6
1006,10,10,0
1007,8,5,3
1008,9,13,-4
1009,8,6,2
1010,3,9,-6
1011,7,14,-7
1012,9,12,-3
1013,9,13,-4
1014,5,14,-9
1015,3,8,-5
1016,4,3,1
1017,6,10,-4
1018,8,11,-3
1019,9,7,2
1020,6,9,-3
1021,8,8,0
1022,7,7,0
1023,8,10,-2
1024,8,12,-4
1025,8,8,0
1026,8,10,-2
1027,6,8,-2
1028,7,3,4
1029,7,7,0
1030,4,6,-2
1031,6,8,-2
1032,10,13,-3
1033,10,7,3
1034,6,10,-4
1035,7,7,0
1036,6,12,-6
1037,9,11,-2
1038,10,5,5
1039,5,12,-7
1040,6,15,-9
1041,6,7,-1
1042,5,9,-4
1043,8,7,1
1044,6,7,-1
1045,7,9,-2
1046,10,7,3
1047,6,12,-6
1048,8,10,-2
1049,9,5,4
1050,10,8,2
1051,6,13,-7
1052,8,9,-1
1053,6,10,-4
1054,5,13,-8
1055,7,6,1
1056,9,9,0
1057,5,9,-4
1058,10,9,1
1059,7,14,-7
1060,4,11,-7
1061,5,12,-7
1062,6,10,-4
1063,11,7,4
1064,12,7,5
1065,8,10,-2
1066,6,9,-3
1067,9,5,4
1068,7,10,-3
1069,6,13,-7
1070,8,14,-6
1071,6,9,-3
1072,8,8,0
1073,9,6,3
1074,9,5,4
1075,5,9,-4
1076,8,9,-1
1077,7,14,-7
1078,3,8,-5
1079,4,11,-7
1080,10,8,2
1081,6,13,-7
1082,6,9,-3
1083,8,9,-1
1084,8,11,-3
1085,9,11,-2
1086,8,5,3
1087,9,11,-2
1088,9,10,-1
1089,6,11,-5
1090,7,7,0
1091,7,13,-6
1092,2,10,-8
1093,1,8,-7
1094,14,8,6
1095,7,9,-2
1096,12,9,3
1097,9,12,-3
1098,8,15,-7
1099,12,7,5
1100,7,16,-9
1101,7,9,-2
1102,8,8,0
1103,13,6,7
1104,5,11,-6
1105,10,14,-4
1106,6,8,-2
1107,8,7,1
1108,8,7,1
1109,7,9,-2
1110,7,11,-4
1111,13,4,9
1112,6,13,-7
1113,5,9,-4
1114,10,9,1
1115,13,11,2
1116,6,8,-2
1117,10,5,5
1118,12,9,3
1119,7,5,2
1120,7,8,-1
1121,5,9,-4
1122,12,14,-2
1123,9,10,-1
1124,11,7,4
1125,13,8,5
1126,8,6,2
1127,7,9,-2
1128,7,4,3
1129,5,14,-9
1130,10,6,4
1131,4,12,-8
1132,8,10,-2
1133,8,11,-3
1134,7,12,-5
1135,5,13,-8
1136,6,14,-8
1137,10,7,3
1138,7,9,-2
1139,6,11,-5
1140,9,6,3
1141,8,16,-8
1142,7,9,-2
1143,7,7,0
1144,6,10,-4
1145,8,10,-2
1146,11,7,4
1147,6,6,0
1148,10,11,-1
1149,7,11,-4
1150,7,5,2
1151,9,9,0
1152,9,9,0
1153,6,9,-3
1154,7,11,-4
1155,10,8,2
1156,10,8,2
1157,8,9,-1
1158,8,7,1
1159,6,9,-3
1160,9,5,4
1161,7,10,-3
1162,8,11,-3
1163,9,10,-1
1164,8,8,0
1165,11,4,7
1166,8,11,-3
1167,5,11,-6
1168,7,12,-5
1169,8,14,-6
1170,7,13,-6
1171,10,9,1
1172,8,14,-6
1173,8,14,-6
1174,10,12,-2
1175,8,7,1
1176,7,7,0
1177,14,5,9
1178,6,6,0
1179,10,7,3
1180,5,10,-5
1181,8,5,3
1182,10,7,3
1183,5,15,-10
1184,8,12,-4
1185,10,9,1
1186,9,3,6
1187,5,13,-8
1188,10,11,-1
1189,16,7,9
1190,5,16,-11
1191,8,9,-1
1192,6,6,0
1193,9,4,5
1194,11,12,-1
1195,5,6,-1
1196,8,9,-1
1197,5,4,1
1198,7,5,2
1199,6,12,-6
1200,6,15,-9
1201,5,11,-6
1202,5,8,-3
1203,6,10,-4
1204,8,7,1
1205,6,11,-5
1206,10,12,-2
1207,4,10,-6
1208,8,8,0
1209,3,9,-6
1210,6,9,-3
1211,9,14,-5
1212,6,5,1
1213,7,8,-1
1214,4,13,-9
1215,10,9,1
1216,4,11,-7
1217,7,12,-5
1218,3,15,-12
1219,5,7,-2
1220,9,12,-3
1221,4,14,-10
1222,9,5,4
1223,7,8,-1
1224,8,10,-2
1225,6,9,-3
1226,12,7,5
1227,8,9,-1
1228,6,11,-5
1229,5,9,-4
1230,7,5,2
1231,8,2,6
1232,11,7,4
1233,11,10,1
1234,6,16,-10
1235,5,6,-1
1236,9,9,0
1237,6,15,-9
1238,10,12,-2
1239,13,6,7
1240,6,14,-8
1241,6,12,-6
1242,6,9,-3
1243,10,13,-3
1244,10,8,2
1245,8,9,-1
1246,11,8,3
1247,9,14,-5
1248,4,17,-13
1249,7,11,-4
1250,8,12,-4
1251,3,11,-8
1252,11,7,4
1253,5,10,-5
1254,9,12,-3
1255,8,9,-1
1256,11,6,5
1257,7,6,1
1258,9,14,-5
1259,12,6,6
1260,5,9,-4
1261,9,12,-3
1262,10,8,2
1263,11,9,2
1264,13,8,5
1265,8,8,0
1266,10,7,3
1267,3,8,-5
1268,8,9,-1
1269,10,6,4
1270,6,3,3
1271,9,7,2
1272,9,9,0
1273,7,10,-3
1274,6,12,-6
1275,7,8,-1
1276,8,12,-4
1277,10,9,1
1278,6,7,-1
1279,6,11,-5
1280,5,8,-3
1281,8,8,0
1282,10,7,3
1283,6,14,-8
1284,10,8,2
1285,4,12,-8
1286,7,11,-4
1287,8,10,-2
1288,5,6,-1
1289,13,11,2
1290,10,7,3
1291,7,11,-4
1292,8,7,1
1293,8,11,-3
1294,7,7,0
1295,8,11,-3
1296,8,10,-2
1297,6,6,0
1298,6,10,-4
1299,5,8,-3
1300,5,10,-5
1301,3,8,-5
1302,6,10,-4
1303,11,12,-1
1304,7,10,-3
1305,9,12,-3
1306,6,8,-2
1307,9,7,2
1308,10,8,2
1309,9,11,-2
1310,15,8,7
1311,7,7,0
1312,5,5,0
1313,10,11,-1
1314,13,11,2
1315,12,5,7
1316,6,10,-4
1317,4,6,-2
1318,7,16,-9
1319,9,8,1
1320,11,8,3
1321,7,12,-5
1322,7,5,2
1323,5,15,-10
1324,7,5,2
1325,4,7,-3
1326,3,7,-4
1327,9,8,1
1328,7,4,3
1329,10,2,8
1330,8,7,1
1331,8,14,-6
1332,10,9,1
1333,8,10,-2
1334,10,7,3
1335,5,10,-5
1336,10,7,3
1337,8,7,1
1338,8,10,-2
1339,7,7,0
1340,7,9,-2
1341,8,7,1
1342,6,6,0
1343,6,9,-3
1344,14,8,6
1345,7,9,-2
1346,11,11,0
1347,5,5,0
1348,10,5,5
1349,13,5,8
1350,5,7,-2
1351,6,7,-1
1352,10,6,4
1353,6,7,-1
1354,7,12,-5
1355,4,3,1
1356,10,2,8
1357,8,9,-1
1358,5,8,-3
1359,7,6,1
1360,8,11,-3
1361,5,6,-1
1362,9,11,-2
1363,9,10,-1
1364,7,9,-2
1365,9,9,0
1366,3,11,-8
1367,7,9,-2
1368,6,6,0
1369,11,6,5
1370,6,9,-3
1371,12,12,0
1372,4,8,-4
1373,10,4,6
1374,7,9,-2
1375,6,9,-3
1376,9,7,2
1377,6,13,-7
1378,8,7,1
1379,9,8,1
1380,5,8,-3
1381,7,6,1
1382,8,6,2
1383,10,8,2
1384,7,12,-5
1385,10,7,3
1386,7,6,1
1387,6,6,0
1388,7,13,-6
1389,4,11,-7
1390,9,12,-3
1391,9,8,1
1392,7,12,-5
1393,6,8,-2
1394,9,11,-2
1395,12,9,3
1396,5,13,-8
1397,5,15,-10
1398,12,4,8
1399,2,7,-5
1400,15,10,5
1401,11,12,-1
1402,7,13,-6
1403,5,12,-7
1404,6,7,-1
1405,7,6,1
1406,4,13,-9
1407,8,12,-4
1408,9,9,0
1409,12,7,5
1410,10,7,3
1411,8,5,3
1412,9,7,2
1413,9,9,0
1414,9,9,0
1415,7,7,0
1416,10,10,0
1417,9,11,-2
1418,9,12,-3
1419,7,13,-6
1420,11,9,2
1421,5,10,-5
1422,14,8,6
1423,5,7,-2
1424,6,11,-5
1425,7,12,-5
1426,13,8,5
1427,2,12,-10
1428,9,5,4
1429,5,11,-6
1430,11,5,6
1431,8,8,0
1432,4,10,-6
1433,10,9,1
1434,8,6,2
1435,4,12,-8
1436,11,9,2
1437,9,14,-5
1438,8,11,-3
1439,11,10,1
1440,8,8,0
1441,9,6,3
1442,8,12,-4
1443,15,9,6
1444,7,10,-3
1445,11,10,1
1446,12,8,4
1447,7,7,0
1448,4,8,-4
1449,5,11,-6
1450,8,7,1
1451,9,10,-1
1452,6,11,-5
1453,5,5,0
1454,7,4,3
1455,10,8,2
1456,8,8,0
1457,7,15,-8
1458,8,7,1
1459,8,9,-1
1460,5,12,-7
1461,7,10,-3
1462,6,10,-4
1463,11,9,2
1464,7,9,-2
1465,10,7,3
1466,7,12,-5
1467,9,4,5
1468,5,11,-6
1469,10,8,2
1470,7,14,-7
1471,12,12,0
1472,13,8,5
1473,9,8,1
1474,8,8,0
1475,12,10,2
1476,6,11,-5
1477,2,8,-6
1478,7,12,-5
1479,11,8,3
1480,12,8,4
1481,5,9,-4
1482,12,7,5
1483,7,6,1
1484,12,11,1
1485,5,9,-4
1486,9,6,3
1487,7,7,0
1488,6,8,-2
1489,2,7,-5
1490,7,11,-4
1491,12,10,2
1492,8,10,-2
1493,8,10,-2
1494,7,16,-9
1495,5,12,-7
1496,4,8,-4
1497,10,13,-3
1498,4,5,-1
1499,10,11,-1
1500,4,8,-4
1501,9,11,-2
1502,7,4,3
1503,3,8,-5
1504,4,11,-7
1505,7,9,-2
1506,10,8,2
1507,7,4,3
1508,11,8,3
1509,6,11,-5
1510,6,13,-7
1511,8,11,-3
1512,9,15,-6
1513,11,9,2
1514,3,5,-2
1515,10,6,4
1516,6,11,-5
1517,7,18,-11
1518,4,11,-7
1519,13,10,3
1520,9,13,-4
1521,6,7,-1
1522,6,7,-1
1523,3,11,-8
1524,6,12,-6
1525,8,8,0
1526,5,8,-3
1527,7,8,-1
1528,9,9,0
1529,8,9,-1
1530,7,9,-2
1531,5,7,-2
1532,6,7,-1
1533,8,10,-2
1534,6,7,-1
1535,4,11,-7
1536,8,14,-6
1537,7,10,-3
1538,6,7,-1
1539,9,14,-5
1540,7,9,-2
1541,8,13,-5
1542,8,11,-3
1543,7,8,-1
1544,6,8,-2
1545,11,10,1
1546,5,8,-3
1547,8,11,-3
1548,3,13,-10
1549,6,8,-2
1550,9,11,-2
1551,9,7,2
1552,9,5,4
1553,8,10,-2
1554,7,7,0
1555,8,2,6
1556,5,6,-1
1557,11,12,-1
1558,9,5,4
1559,9,4,5
1560,5,6,-1
1561,9,10,-1
1562,9,9,0
1563,10,12,-2
1564,7,9,-2
1565,6,10,-4
1566,9,8,1
1567,6,12,-6
1568,10,9,1
1569,5,12,-7
1570,8,7,1
1571,5,5,0
1572,8,8,0
1573,8,14,-6
1574,4,11,-7
1575,8,5,3
1576,8,11,-3
1577,10,9,1
1578,9,10,-1
1579,9,7,2
1580,7,6,1
1581,6,8,-2
1582,8,13,-5
1583,7,6,1
1584,6,11,-5
1585,6,9,-3
1586,11,8,3
1587,4,12,-8
1588,6,10,-4
1589,5,9,-4
1590,5,8,-3
1591,8,9,-1
1592,5,8,-3
1593,5,6,-1
1594,7,6,1
1595,5,9,-4
1596,6,11,-5
1597,8,11,-3
1598,11,9,2
1599,8,11,-3
1600,6,9,-3
1601,8,4,4
1602,8,5,3
1603,7,10,-3
1604,6,7,-1
1605,6,13,-7
1606,5,9,-4
1607,4,7,-3
1608,10,9,1
1609,8,7,1
1610,3,10,-7
1611,9,8,1
1612,10,8,2
1613,3,5,-2
1614,7,10,-3
1615,10,7,3
1616,10,10,0
1617,8,7,1
1618,15,7,8
1619,10,6,4
1620,8,7,1
1621,9,8,1
1622,7,8,-1
1623,10,9,1
1624,5,9,-4
1625,2,9,-7
1626,7,9,-2
1627,7,11,-4
1628,10,10,0
1629,8,9,-1
1630,7,14,-7
1631,2,10,-8
1632,7,7,0
1633,8,13,-5
1634,6,4,2
1635,8,5,3
1636,10,8,2
1637,7,9,-2
1638,2,14,-12
1639,6,9,-3
1640,7,15,-8
1641,8,9,-1
1642,7,10,-3
1643,5,8,-3
1644,13,7,6
1645,7,6,1
1646,6,7,-1
1647,7,9,-2
1648,7,10,-3
1649,7,11,-4
1650,5,4,1
1651,7,11,-4
1652,8,12,-4
1653,4,9,-5
1654,10,7,3
1655,4,13,-9
1656,10,11,-1
1657,12,14,-2
1658,7,9,-2
1659,10,11,-1
1660,7,12,-5
1661,10,10,0
1662,4,7,-3
1663,9,10,-1
1664,8,10,-2
1665,11,9,2
1666,6,8,-2
1667,6,12,-6
1668,12,8,4
1669,5,10,-5
1670,9,7,2
1671,8,12,-4
1672,6,11,-5
1673,11,7,4
1674,8,11,-3
1675,8,8,0
1676,4,11,-7
1677,4,8,-4
1678,7,9,-2
1679,12,13,-1
1680,9,9,0
1681,8,12,-4
1682,14,9,5
1683,8,10,-2
1684,7,11,-4
1685,6,15,-9
1686,10,11,-1
1687,5,6,-1
1688,8,11,-3
1689,6,7,-1
1690,10,14,-4
1691,9,11,-2
1692,10,8,2
1693,8,9,-1
1694,5,8,-3
1695,10,11,-1
1696,9,10,-1
1697,12,11,1
1698,14,6,8
1699,8,10,-2
1700,7,15,-8
1701,9,6,3
1702,6,14,-8
1703,10,9,1
1704,9,6,3
1705,7,8,-1
1706,8,16,-8
1707,10,8,2
1708,7,7,0
1709,5,5,0
1710,5,8,-3
1711,11,9,2
1712,11,6,5
1713,8,7,1
1714,5,8,-3
1715,8,9,-1
1716,4,10,-6
1717,8,9,-1
1718,8,15,-7
1719,6,10,-4
1720,9,8,1
1721,9,10,-1
1722,7,11,-4
1723,5,9,-4
1724,4,11,-7
1725,8,8,0
1726,9,12,-3
1727,10,5,5
1728,8,13,-5
1729,9,9,0
1730,6,11,-5
1731,7,5,2
1732,7,7,0
1733,9,7,2
1734,5,9,-4
1735,7,10,-3
1736,11,7,4
1737,10,7,3
1738,6,9,-3
1739,5,8,-3
1740,7,12,-5
1741,6,10,-4
1742,8,13,-5
1743,12,15,-3
1744,7,11,-4
1745,8,7,1
1746,5,14,-9
1747,9,11,-2
1748,4,15,-11
1749,8,6,2
1750,13,7,6
1751,7,9,-2
1752,8,7,1
1753,9,4,5
1754,12,10,2
1755,12,11,1
1756,8,8,0
1757,9,11,-2
1758,4,12,-8
1759,13,6,7
1760,9,13,-4
1761,8,7,1
1762,11,9,2
1763,7,14,-7
1764,8,6,2
1765,6,10,-4
1766,5,8,-3
1767,4,6,-2
1768,8,15,-7
1769,9,14,-5
1770,6,10,-4
1771,5,11,-6
1772,6,10,-4
1773,2,9,-7
1774,8,8,0
1775,8,13,-5
1776,9,9,0
1777,4,6,-2
1778,9,14,-5
1779,6,8,-2
1780,8,5,3
1781,5,8,-3
1782,6,7,-1
1783,8,11,-3
1784,4,8,-4
1785,10,13,-3
1786,9,8,1
1787,4,7,-3
1788,8,11,-3
1789,8,8,0
1790,4,7,-3
1791,11,6,5
1792,7,10,-3
1793,7,8,-1
1794,11,7,4
1795,9,9,0
1796,11,11,0
1797,10,9,1
1798,9,9,0
1799,9,5,4
1800,7,7,0
1801,9,4,5
1802,8,12,-4
1803,9,12,-3
1804,7,14,-7
1805,9,11,-2
1806,9,18,-9
1807,7,10,-3
1808,10,5,5
1809,9,10,-1
1810,8,14,-6
1811,6,7,-1
1812,7,9,-2
1813,8,8,0
1814,4,10,-6
1815,14,5,9
1816,7,10,-3
1817,7,8,-1
1818,4,11,-7
1819,7,8,-1
1820,6,6,0
1821,5,8,-3
1822,11,9,2
1823,4,8,-4
1824,7,11,-4
1825,6,9,-3
1826,5,10,-5
1827,12,9,3
1828,6,14,-8
1829,9,8,1
1830,4,10,-6
1831,8,11,-3
1832,5,12,-7
1833,5,12,-7
1834,8,3,5
1835,7,9,-2
1836,4,8,-4
1837,8,7,1
1838,5,9,-4
1839,8,11,-3
1840,7,10,-3
1841,12,6,6
1842,5,13,-8
1843,10,7,3
1844,6,10,-4
1845,8,7,1
1846,5,12,-7
1847,7,6,1
1848,8,10,-2
1849,6,9,-3
1850,6,7,-1
1851,6,10,-4
1852,4,8,-4
1853,9,10,-1
1854,7,8,-1
1855,10,15,-5
1856,10,16,-6
1857,8,8,0
1858,8,9,-1
1859,8,9,-1
1860,6,12,-6
1861,7,9,-2
1862,8,6,2
1863,12,6,6
1864,8,14,-6
1865,11,7,4
1866,3,12,-9
1867,7,12,-5
1868,13,7,6
1869,6,6,0
1870,5,14,-9
1871,11,5,6
1872,13,3,10
1873,7,5,2
1874,8,11,-3
1875,10,13,-3
1876,3,10,-7
1877,11,7,4
1878,7,6,1
1879,7,11,-4
1880,7,15,-8
1881,7,8,-1
1882,11,7,4
1883,12,4,8
1884,8,11,-3
1885,16,8,8
1886,8,7,1
1887,2,11,-9
1888,6,7,-1
1889,7,12,-5
1890,9,8,1
1891,10,7,3
1892,7,9,-2
1893,10,7,3
1894,8,10,-2
1895,8,6,2
1896,6,14,-8
1897,11,9,2
1898,10,11,-1
1899,11,9,2
1900,8,10,-2
1901,7,7,0
1902,2,9,-7
1903,9,8,1
1904,6,13,-7
1905,7,11,-4
1906,7,9,-2
1907,6,13,-7
1908,12,6,6
1909,13,8,5
1910,7,8,-1
1911,8,9,-1
1912,10,5,5
1913,6,15,-9
1914,7,8,-1
1915,7,9,-2
1916,10,9,1
1917,5,8,-3
1918,5,13,-8
1919,9,14,-5
1920,11,10,1
1921,8,10,-2
1922,7,9,-2
1923,7,6,1
1924,6,10,-4
1925,10,10,0
1926,7,7,0
1927,3,13,-10
1928,9,8,1
1929,5,13,-8
1930,4,10,-6
1931,10,5,5
1932,7,13,-6
1933,6,11,-5
1934,3,10,-7
1935,6,9,-3
1936,4,13,-9
1937,5,8,-3
1938,9,9,0
1939,10,5,5
1940,4,11,-7
1941,10,14,-4
1942,10,6,4
1943,7,9,-2
1944,9,7,2
1945,11,14,-3
1946,7,7,0
1947,4,14,-10
1948,5,10,-5
1949,9,12,-3
1950,7,7,0
1951,8,9,-1
1952,7,7,0
1953,9,4,5
1954,4,8,-4
1955,9,5,4
1956,10,13,-3
1957,7,9,-2
1958,7,11,-4
1959,4,5,-1
1960,6,7,-1
1961,9,10,-1
1962,8,12,-4
1963,10,11,-1
1964,11,8,3
1965,7,10,-3
1966,8,12,-4
1967,9,6,3
1968,7,13,-6
1969,5,7,-2
1970,5,9,-4
1971,10,10,0
1972,3,10,-7
1973,10,8,2
1974,9,8,1
1975,10,13,-3
1976,6,13,-7
1977,5,13,-8
1978,9,9,0
1979,7,9,-2
1980,12,5,7
1981,11,8,3
1982,7,8,-1
1983,11,11,0
1984,10,8,2
1985,8,11,-3
1986,8,8,0
1987,6,9,-3
1988,5,8,-3
1989,8,7,1
1990,7,11,-4
1991,4,12,-8
1992,6,3,3
1993,4,14,-10
1994,5,9,-4
1995,13,11,2
1996,5,11,-6
1997,5,11,-6
1998,6,8,-2
1999,8,8,0
2000,6,7,-1
