"panel","gene","family","status","group","n","mean","sd","sem","padj","stars"
"A","Piezo1","PIEZO","padj","Sham",4,527.532072029188,237.147572752513,118.573786376257,0.000136799867775746,"***"
"A","Piezo1","PIEZO","padj","rLLB",4,189.48370178128,56.8792389971062,28.4396194985531,0.000136799867775746,"***"
"A","Piezo2","PIEZO","padj","Sham",4,56.6028639186697,23.1333142516077,11.5666571258039,4.68169383438158e-05,"****"
"A","Piezo2","PIEZO","padj","rLLB",4,8.6487619846598,8.22643766708594,4.11321883354297,4.68169383438158e-05,"****"
"B","Tmem63a","TMEM63","padj","Sham",4,368.046236560786,110.064390203048,55.032195101524,7.91951342564783e-05,"****"
"B","Tmem63a","TMEM63","padj","rLLB",4,167.396185305932,26.1675168971117,13.0837584485558,7.91951342564783e-05,"****"
"B","Tmem63b","TMEM63","padj","Sham",4,2555.14657794849,257.429107016388,128.714553508194,0.00337039635468728,"**"
"B","Tmem63b","TMEM63","padj","rLLB",4,1709.52812847931,304.58434927191,152.292174635955,0.00337039635468728,"**"
"B","Tmem63c","TMEM63","padj","Sham",4,10.9102788234792,5.69707158739024,2.84853579369512,0.908604316829269,"ns"
"B","Tmem63c","TMEM63","padj","rLLB",4,9.35483463340439,10.106748323596,5.05337416179799,0.908604316829269,"ns"
"B","Tmc6","TMC","padj","Sham",4,591.402711771982,97.240210320226,48.620105160113,1.48724237179382e-15,"****"
"B","Tmc6","TMC","padj","rLLB",4,192.218778122157,23.4767801561327,11.7383900780663,1.48724237179382e-15,"****"
"B","Tmc7","TMC","padj","Sham",4,196.491468523998,38.6710666647029,19.3355333323515,0.00999044181246065,"**"
"B","Tmc7","TMC","padj","rLLB",4,101.472253051854,41.9497639299403,20.9748819649701,0.00999044181246065,"**"
"B","Tmc8","TMC","padj","Sham",4,81.2366937004467,28.7152135383363,14.3576067691682,0.108512809317236,"ns"
"B","Tmc8","TMC","padj","rLLB",4,49.4758179814806,8.45189144616825,4.22594572308412,0.108512809317236,"ns"
"B","Tmem150c","TMEM150C","padj","Sham",4,39.9067712890244,9.90015971665361,4.9500798583268,0.706569610919559,"ns"
"B","Tmem150c","TMEM150C","padj","rLLB",4,48.1015391008387,23.9248021651467,11.9624010825734,0.706569610919559,"ns"
"B","Tmc1","TMC","n.d.",NA,NA,NA,NA,NA,NA,"n.d."
"B","Tmc2","TMC","n.d.",NA,NA,NA,NA,NA,NA,"n.d."
"B","Tmc3","TMC","n.d.",NA,NA,NA,NA,NA,NA,"n.d."
"B","Tmc4","TMC","n.d.",NA,NA,NA,NA,NA,NA,"n.d."
"B","Tmc5","TMC","n.d.",NA,NA,NA,NA,NA,NA,"n.d."
"C","Kcnk1","K2P","padj","Sham",4,10.3138686384967,8.94233347976641,4.47116673988321,0.715318838630496,"ns"
"C","Kcnk1","K2P","padj","rLLB",4,14.7635071470796,15.460370271845,7.73018513592248,0.715318838630496,"ns"
"C","Kcnk6","K2P","padj","Sham",4,109.305360195734,28.6902214813224,14.3451107406612,0.0708737492045901,"ns"
"C","Kcnk6","K2P","padj","rLLB",4,64.9157383503907,22.5269434658882,11.2634717329441,0.0708737492045901,"ns"
"C","Kcnk7","K2P","padj","Sham",4,3.40373918610902,1.85496559831411,0.927482799157053,0.825835705310303,"ns"
"C","Kcnk7","K2P","padj","rLLB",4,2.69395877932611,1.29311524315618,0.646557621578091,0.825835705310303,"ns"
"C","Kcnk2","K2P","padj","Sham",4,943.459729178258,237.878826730845,118.939413365422,8.11595968958626e-07,"****"
"C","Kcnk2","K2P","padj","rLLB",4,413.90150345782,65.0061490706508,32.5030745353254,8.11595968958626e-07,"****"
"C","Kcnk4","K2P","padj","Sham",4,0,0,0,0.0196900425313044,"*"
"C","Kcnk4","K2P","padj","rLLB",4,5.20728640000517,4.12926330551283,2.06463165275641,0.0196900425313044,"*"
"C","Kcnk3","K2P","padj","Sham",4,6176.7840338416,2272.00221988741,1136.00110994371,0.557061011665274,"ns"
"C","Kcnk3","K2P","padj","rLLB",4,7130.71460684904,1117.54463443667,558.772317218335,0.557061011665274,"ns"
"C","Kcnk5","K2P","padj","Sham",4,16.2061975022157,6.80811191885619,3.40405595942809,0.583671024149732,"ns"
"C","Kcnk5","K2P","padj","rLLB",4,10.343512169254,7.65369694100081,3.8268484705004,0.583671024149732,"ns"
"C","Kcnk13","K2P","padj","Sham",4,10.7589006580029,5.31282686562822,2.65641343281411,0.769849570144266,"ns"
"C","Kcnk13","K2P","padj","rLLB",4,13.455205626537,10.6973743546229,5.34868717731147,0.769849570144266,"ns"
"C","Kcnma1","KCNMA1","padj","Sham",4,5.26061329810922,4.74986786891593,2.37493393445796,0.378751487826704,"ns"
"C","Kcnma1","KCNMA1","padj","rLLB",4,1.85944904787871,1.78714763923627,0.893573819618137,0.378751487826704,"ns"
"C","Kcnk10","K2P","n.t.",NA,NA,NA,NA,NA,NA,"n.t."
"C","Kcnk9","K2P","n.d.",NA,NA,NA,NA,NA,NA,"n.d."
"C","Kcnk16","K2P","n.d.",NA,NA,NA,NA,NA,NA,"n.d."
"C","Kcnk17","K2P","n.d.",NA,NA,NA,NA,NA,NA,"n.d."
"C","Kcnk12","K2P","n.d.",NA,NA,NA,NA,NA,NA,"n.d."
"C","Kcnk18","K2P","n.d.",NA,NA,NA,NA,NA,NA,"n.d."
"D","Trpc1","TRPC","padj","Sham",4,467.426638360739,108.218493529961,54.1092467649803,0.632239379891933,"ns"
"D","Trpc1","TRPC","padj","rLLB",4,420.581810310232,60.191445802517,30.0957229012585,0.632239379891933,"ns"
"D","Trpc3","TRPC","padj","Sham",4,54.435606443708,28.823051770354,14.411525885177,0.0462056599476734,"*"
"D","Trpc3","TRPC","padj","rLLB",4,24.764947269611,3.80722022324087,1.90361011162043,0.0462056599476734,"*"
"D","Trpc4","TRPC","padj","Sham",4,7.58880187011939,2.40256384446868,1.20128192223434,0.0711110505150306,"ns"
"D","Trpc4","TRPC","padj","rLLB",4,1.64289859045657,1.30552216151395,0.652761080756973,0.0711110505150306,"ns"
"D","Trpc5","TRPC","padj","Sham",4,2.13378600298103,1.56183143804161,0.780915719020807,0.852488340969107,"ns"
"D","Trpc5","TRPC","padj","rLLB",4,1.64289859045657,1.30552216151395,0.652761080756973,0.852488340969107,"ns"
"D","Trpc6","TRPC","padj","Sham",4,17.6429947590892,7.78702804411813,3.89351402205907,0.174161320990793,"ns"
"D","Trpc6","TRPC","padj","rLLB",4,6.90349103133507,5.10132867958333,2.55066433979166,0.174161320990793,"ns"
"D","Trpv1","TRPV","padj","Sham",4,6.43078040906404,4.92061999608218,2.46030999804109,0.625373102944446,"ns"
"D","Trpv1","TRPV","padj","rLLB",4,3.66344707834986,2.66785937121758,1.33392968560879,0.625373102944446,"ns"
"D","Trpv2","TRPV","padj","Sham",4,70.0811977483228,35.8753043141347,17.9376521570673,0.718903502676112,"ns"
"D","Trpv2","TRPV","padj","rLLB",4,57.3860383329294,41.8322123572126,20.9161061786063,0.718903502676112,"ns"
"D","Trpv4","TRPV","padj","Sham",4,22.1963552689064,11.383695815719,5.69184790785948,0.92564670080364,"ns"
"D","Trpv4","TRPV","padj","rLLB",4,23.5174788846807,8.87347418769381,4.4367370938469,0.92564670080364,"ns"
"D","Trpm2","TRPM","padj","Sham",4,17.7926203942585,8.03127957725267,4.01563978862633,0.566773947344908,"ns"
"D","Trpm2","TRPM","padj","rLLB",4,26.3058249604438,29.1805960379896,14.5902980189948,0.566773947344908,"ns"
"D","Trpm4","TRPM","padj","Sham",4,279.242103520899,26.1881141736829,13.0940570868415,0.0280795509652399,"*"
"D","Trpm4","TRPM","padj","rLLB",4,199.187996368722,32.8376909646971,16.4188454823486,0.0280795509652399,"*"
"D","Trpm5","TRPM","padj","Sham",4,5.57292071909366,1.88634496714983,0.943172483574915,0.694065030044668,"ns"
"D","Trpm5","TRPM","padj","rLLB",4,3.87243812289564,0.656895680759601,0.328447840379801,0.694065030044668,"ns"
"D","Trpm7","TRPM","padj","Sham",4,1111.62399907336,331.557364915522,165.778682457761,0.996777777902502,"ns"
"D","Trpm7","TRPM","padj","rLLB",4,1113.78502211489,147.325774620148,73.662887310074,0.996777777902502,"ns"
"D","Trpm8","TRPM","padj","Sham",4,2.23174000804788,1.50040532074812,0.750202660374062,0.761023025617655,"ns"
"D","Trpm8","TRPM","padj","rLLB",4,3.34292622172497,1.46691578630022,0.733457893150111,0.761023025617655,"ns"
"D","Mcoln1","TRPML","padj","Sham",4,755.323975968808,102.644925624564,51.322462812282,0.977739416631673,"ns"
"D","Mcoln1","TRPML","padj","rLLB",4,749.979814567736,30.5737033366105,15.2868516683052,0.977739416631673,"ns"
"D","Mcoln2","TRPML","padj","Sham",4,0.535120674398331,1.07024134879666,0.535120674398331,1.66344748273791e-06,"****"
"D","Mcoln2","TRPML","padj","rLLB",4,33.2851715347108,10.5805273655702,5.29026368278508,1.66344748273791e-06,"****"
"D","Mcoln3","TRPML","padj","Sham",4,5.72058520974864,6.02559487600302,3.01279743800151,0.730658616367091,"ns"
"D","Mcoln3","TRPML","padj","rLLB",4,8.1537149355285,5.75230731672802,2.87615365836401,0.730658616367091,"ns"
"D","Pkd2","TRPP","padj","Sham",4,661.91505025169,218.397363331655,109.198681665827,0.154923132903598,"ns"
"D","Pkd2","TRPP","padj","rLLB",4,484.215327403071,70.1001208279413,35.0500604139707,0.154923132903598,"ns"
"D","Pkd2l2","TRPP","padj","Sham",4,2.85326397797179,1.30829994033982,0.654149970169909,0.0273947099938985,"*"
"D","Pkd2l2","TRPP","padj","rLLB",4,12.4975773280623,5.26020320410758,2.63010160205379,0.0273947099938985,"*"
"D","Pkd1","TRPP","padj","Sham",4,1807.7988306079,570.969471679248,285.484735839624,5.12171888402527e-05,"****"
"D","Pkd1","TRPP","padj","rLLB",4,768.028806611081,214.531624527758,107.265812263879,5.12171888402527e-05,"****"
"D","Pkd1l1","TRPP","padj","Sham",4,2.1645852198351,1.77400040959658,0.887000204798292,0.933877109054085,"ns"
"D","Pkd1l1","TRPP","padj","rLLB",4,1.76189377848577,2.57892996465978,1.28946498232989,0.933877109054085,"ns"
"D","Trpm1","TRPM","n.t.",NA,NA,NA,NA,NA,NA,"n.t."
"D","Trpm3","TRPM","n.t.",NA,NA,NA,NA,NA,NA,"n.t."
"D","Trpc2","TRPC","n.d.",NA,NA,NA,NA,NA,NA,"n.d."
"D","Trpc7","TRPC","n.d.",NA,NA,NA,NA,NA,NA,"n.d."
"D","Trpv3","TRPV","n.d.",NA,NA,NA,NA,NA,NA,"n.d."
"D","Trpv5","TRPV","n.d.",NA,NA,NA,NA,NA,NA,"n.d."
"D","Trpv6","TRPV","n.d.",NA,NA,NA,NA,NA,NA,"n.d."
"D","Trpm6","TRPM","n.d.",NA,NA,NA,NA,NA,NA,"n.d."
"D","Trpa1","TRPA","n.d.",NA,NA,NA,NA,NA,NA,"n.d."
"D","Pkd2l1","TRPP","n.d.",NA,NA,NA,NA,NA,NA,"n.d."
"D","Pkd1l2","TRPP","n.d.",NA,NA,NA,NA,NA,NA,"n.d."
"D","Pkd1l3","TRPP","n.d.",NA,NA,NA,NA,NA,NA,"n.d."
"E","Ano1","TMEM16/ANO","padj","Sham",4,202.586761813272,84.0647664209528,42.0323832104764,0.00243615365929223,"**"
"E","Ano1","TMEM16/ANO","padj","rLLB",4,88.1877459016943,22.5831050759733,11.2915525379866,0.00243615365929223,"**"
"E","Ano2","TMEM16/ANO","padj","Sham",4,66.6650936855301,28.0221195132643,14.0110597566321,0.779707362191262,"ns"
"E","Ano2","TMEM16/ANO","padj","rLLB",4,74.4436942822384,17.5017145145596,8.7508572572798,0.779707362191262,"ns"
"E","Ano3","TMEM16/ANO","padj","Sham",4,4.57686809170081,3.01625430832713,1.50812715416356,0.33598016400162,"ns"
"E","Ano3","TMEM16/ANO","padj","rLLB",4,1.41045879041355,1.33454163525818,0.667270817629091,0.33598016400162,"ns"
"E","Ano4","TMEM16/ANO","padj","Sham",4,45.7066640271861,13.5590523073761,6.77952615368806,0.0106161194116805,"*"
"E","Ano4","TMEM16/ANO","padj","rLLB",4,15.9488002548691,8.43323899425878,4.21661949712939,0.0106161194116805,"*"
"E","Ano5","TMEM16/ANO","padj","Sham",4,2061.17878316624,1283.66230339433,641.831151697164,0.440725003346025,"ns"
"E","Ano5","TMEM16/ANO","padj","rLLB",4,3659.90014069484,1806.72875779974,903.36437889987,0.440725003346025,"ns"
"E","Ano6","TMEM16/ANO","padj","Sham",4,1063.13041117156,352.685758822493,176.342879411246,0.000109645037567408,"***"
"E","Ano6","TMEM16/ANO","padj","rLLB",4,496.248561374546,81.0606609496753,40.5303304748376,0.000109645037567408,"***"
"E","Ano8","TMEM16/ANO","padj","Sham",4,495.857410456577,45.6465542018338,22.8232771009169,0.000449140728692845,"***"
"E","Ano8","TMEM16/ANO","padj","rLLB",4,319.977403905126,26.9861103329491,13.4930551664745,0.000449140728692845,"***"
"E","Ano10","TMEM16/ANO","padj","Sham",4,3411.69854011315,746.728650361626,373.364325180813,0.637314058567646,"ns"
"E","Ano10","TMEM16/ANO","padj","rLLB",4,3112.35657884479,433.590626589593,216.795313294797,0.637314058567646,"ns"
"E","Scnn1a","ENaC/ASIC","padj","Sham",4,15.9159929839636,5.35400490098636,2.67700245049318,0.0586884971247834,"ns"
"E","Scnn1a","ENaC/ASIC","padj","rLLB",4,5.50846123034341,1.69074851726643,0.845374258633217,0.0586884971247834,"ns"
"E","Asic1","ENaC/ASIC","padj","Sham",4,47.0698158286328,25.4283531897211,12.7141765948606,0.728439230296963,"ns"
"E","Asic1","ENaC/ASIC","padj","rLLB",4,38.1854157647622,18.6227051629521,9.31135258147606,0.728439230296963,"ns"
"E","Asic2","ENaC/ASIC","padj","Sham",4,5.72995600102788,1.48722526185738,0.743612630928688,0.258013899284412,"ns"
"E","Asic2","ENaC/ASIC","padj","rLLB",4,1.82958516257166,1.60760832836006,0.803804164180031,0.258013899284412,"ns"
"E","Asic4","ENaC/ASIC","padj","Sham",4,1.29614547425553,1.13322247126004,0.56661123563002,0.522725982424215,"ns"
"E","Asic4","ENaC/ASIC","padj","rLLB",4,3.36631882461866,2.78640639676358,1.39320319838179,0.522725982424215,"ns"
"E","Ano9","TMEM16/ANO","n.t.",NA,NA,NA,NA,NA,NA,"n.t."
"E","Ano7","TMEM16/ANO","n.d.",NA,NA,NA,NA,NA,NA,"n.d."
"E","Scnn1b","ENaC/ASIC","n.d.",NA,NA,NA,NA,NA,NA,"n.d."
"E","Scnn1g","ENaC/ASIC","n.d.",NA,NA,NA,NA,NA,NA,"n.d."
"E","Scnn1d","ENaC/ASIC","n.d.",NA,NA,NA,NA,NA,NA,"n.d."
"E","Asic3","ENaC/ASIC","n.d.",NA,NA,NA,NA,NA,NA,"n.d."
"E","Asic5","ENaC/ASIC","n.d.",NA,NA,NA,NA,NA,NA,"n.d."
"F","Lrrc8a","LRRC8","padj","Sham",4,2582.40428708988,297.137251654671,148.568625827336,0.0465850606009427,"*"
"F","Lrrc8a","LRRC8","padj","rLLB",4,1911.59175542109,373.516958927475,186.758479463738,0.0465850606009427,"*"
"F","Lrrc8b","LRRC8","padj","Sham",4,1391.59997112623,289.88583479164,144.94291739582,0.00604525999303171,"**"
"F","Lrrc8b","LRRC8","padj","rLLB",4,917.332885058569,100.213007365057,50.1065036825285,0.00604525999303171,"**"
"F","Lrrc8c","LRRC8","padj","Sham",4,914.114638462692,285.187144100887,142.593572050443,0.00648516823273753,"**"
"F","Lrrc8c","LRRC8","padj","rLLB",4,489.713859340919,144.750350133917,72.3751750669585,0.00648516823273753,"**"
"F","Lrrc8d","LRRC8","padj","Sham",4,475.704238464419,115.3698233213,57.6849116606501,0.0178392817373508,"*"
"F","Lrrc8d","LRRC8","padj","rLLB",4,303.835354943481,55.2756189779135,27.6378094889568,0.0178392817373508,"*"
"F","Lrrc8e","LRRC8","padj","Sham",4,2.58500992611757,1.47927262240935,0.739636311204675,0.990499440994018,"ns"
"F","Lrrc8e","LRRC8","padj","rLLB",4,2.83917547665076,3.44915248070627,1.72457624035314,0.990499440994018,"ns"
"F","Clcn1","ClC","padj","Sham",4,27.6265132113424,11.114081518042,5.55704075902098,0.144213286702191,"ns"
"F","Clcn1","ClC","padj","rLLB",4,47.5206723115401,14.0227957102839,7.01139785514194,0.144213286702191,"ns"
"F","Clcn2","ClC","padj","Sham",4,308.097048508059,95.217053824828,47.608526912414,0.889847397031597,"ns"
"F","Clcn2","ClC","padj","rLLB",4,293.381434811996,123.822751143964,61.9113755719822,0.889847397031597,"ns"
"F","Clcn3","ClC","padj","Sham",4,2336.50111338456,492.460898512561,246.23044925628,0.370512870559829,"ns"
"F","Clcn3","ClC","padj","rLLB",4,2749.55632501858,350.664124655755,175.332062327878,0.370512870559829,"ns"
"F","Clcn4","ClC","padj","Sham",4,688.521024099658,191.926916302764,95.9634581513818,0.312018243137079,"ns"
"F","Clcn4","ClC","padj","rLLB",4,854.929756805392,132.67311263214,66.3365563160698,0.312018243137079,"ns"
"F","Clcn5","ClC","padj","Sham",4,149.73157947822,59.0275447866321,29.513772393316,0.0680847126872666,"ns"
"F","Clcn5","ClC","padj","rLLB",4,84.5780397297841,32.7799929112478,16.3899964556239,0.0680847126872666,"ns"
"F","Clcn6","ClC","padj","Sham",4,274.724253437892,38.9963327841472,19.4981663920736,0.0215053009044318,"*"
"F","Clcn6","ClC","padj","rLLB",4,163.376039612118,58.7986479580595,29.3993239790297,0.0215053009044318,"*"
"F","Clcn7","ClC","padj","Sham",4,681.545984814395,42.1516828436802,21.0758414218401,2.89281498238621e-05,"****"
"F","Clcn7","ClC","padj","rLLB",4,406.338655011642,53.4638795918665,26.7319397959332,2.89281498238621e-05,"****"
