"set","family","subgroup","gene","baseMean","log2FoldChange","lfcSE","pvalue","padj","mean_norm_Control","mean_norm_rLLB","status"
"panel","K2P","remaining K2P","Kcnk3",6653.74932034532,0.207509750250786,0.24477408699012,0.396571483940951,0.557061011665274,6176.7840338416,7130.71460684904,"ns"
"panel","TMEM16","TMEM16","Ano10",3262.02755947897,-0.131986426414713,0.188435436125822,0.483656838825441,0.637314058567646,3411.69854011315,3112.35657884479,"ns"
"panel","TMEM63","TMEM63","Tmem63b",2132.3373532139,-0.579574783701288,0.166898343800829,0.000515401585168456,0.00337039635468728,2555.14657794849,1709.52812847931,"down"
"panel","LRRC8","LRRC8","Lrrc8a",2246.99802125549,-0.434116448745423,0.176998367434011,0.0141805117656942,0.0465850606009427,2582.40428708988,1911.59175542109,"down"
"panel","ClC","ClC","Clcn3",2543.02871920157,0.234341536589126,0.191980744959783,0.222218092451302,0.370512870559829,2336.50111338456,2749.55632501858,"ns"
"panel","TRPML","TRPML","Mcoln1",752.651895268272,-0.00718434462834127,0.149456841639034,0.961660699040514,0.977739416631673,755.323975968808,749.979814567736,"ns"
"panel","K2P","TREK/TRAAK","Kcnk2",678.680616318039,-1.18860068812394,0.213270414724161,2.50088609257496e-08,8.11595968958626e-07,943.459729178258,413.90150345782,"down"
"panel","LRRC8","LRRC8","Lrrc8b",1154.4664280924,-0.602846247756332,0.184171336859053,0.00106303242384424,0.00604525999303171,1391.59997112623,917.332885058569,"down"
"panel","TMEM16","TMEM16","Ano5",2860.53946193054,0.828269239263509,0.773131493913462,0.284026728627962,0.440725003346025,2061.17878316624,3659.90014069484,"ns"
"panel","TMC","TMC","Tmc6",391.810744947069,-1.61909389653947,0.188472767799044,8.65173825314915e-18,1.48724237179382e-15,591.402711771982,192.218778122157,"down"
"panel","LRRC8","LRRC8","Lrrc8c",701.914248901805,-0.900058389548774,0.277077180406936,0.00116054703946063,0.00648516823273753,914.114638462692,489.713859340919,"down"
"panel","ClC","ClC","Clcn7",543.942319913018,-0.744298952203826,0.155340456710372,1.65617906490721e-06,2.89281498238621e-05,681.545984814395,406.338655011642,"down"
"panel","TMEM16","TMEM16","Ano6",779.689486273053,-1.09811740036632,0.245781150996619,7.90035376090472e-06,0.000109645037567408,1063.13041117156,496.248561374546,"down"
"panel","TRPM","TRPM","Trpm7",1112.70451059413,0.0014913177981708,0.228568554489019,0.994794161398471,0.996777777902502,1111.62399907336,1113.78502211489,"ns"
"panel","LRRC8","LRRC8","Lrrc8d",389.76979670395,-0.651374042405539,0.227382070743531,0.00417447231187917,0.0178392817373508,475.704238464419,303.835354943481,"down"
"panel","ClC","ClC","Clcn4",771.725390452525,0.314100861522632,0.231847676709872,0.1754900440176,0.312018243137079,688.521024099658,854.929756805392,"ns"
"panel","TRPP","TRPP","Pkd1",1287.91381860949,-1.23387866745368,0.264987509155371,3.21840531187166e-06,5.12171888402527e-05,1807.7988306079,768.028806611081,"down"
"panel","TRPP","TRPP","Pkd2",573.06518882738,-0.453049285408612,0.248721965325557,0.0685295277444781,0.154923132903598,661.91505025169,484.215327403071,"ns"
"panel","TMEM16","TMEM16","Ano8",407.917407180851,-0.631040082621757,0.154143137010758,4.24254576118112e-05,0.000449140728692845,495.857410456577,319.977403905126,"down"
"panel","TRPC","TRPC","Trpc1",444.004224335486,-0.150743903757897,0.212169867153851,0.477402273377677,0.632239379891933,467.426638360739,420.581810310232,"ns"
"panel","TMEM63","TMEM63","Tmem63a",267.721210933359,-1.13446727155221,0.249313029704255,5.35509086609293e-06,7.91951342564783e-05,368.046236560786,167.396185305932,"down"
"panel","ClC","ClC","Clcn2",300.739241660027,-0.0740209806112268,0.321102212161719,0.817686517562214,0.889847397031597,308.097048508059,293.381434811996,"ns"
"panel","TMC","TMC","Tmc7",148.981860787926,-0.96582099636934,0.312412507487806,0.00199152857464153,0.00999044181246065,196.491468523998,101.472253051854,"down"
"panel","ClC","ClC","Clcn6",219.050146525005,-0.748881876841194,0.268545759385478,0.00529271689693797,0.0215053009044318,274.724253437892,163.376039612118,"down"
"panel","TRPM","TRPM","Trpm4",239.21504994481,-0.497048147311374,0.185859637098735,0.00748809589730795,0.0280795509652399,279.242103520899,199.187996368722,"down"
"panel","PIEZO","PIEZO","Piezo1",358.507886905234,-1.4733255148782,0.333849210184162,1.01878947721484e-05,0.000136799867775746,527.532072029188,189.48370178128,"down"
"panel","K2P","remaining K2P","Kcnk6",87.1105492730622,-0.757570373104328,0.33691671479501,0.0245418411163073,0.0708737492045901,109.305360195734,64.9157383503907,"ns"
"panel","TMEM16","TMEM16","Ano1",145.387253857483,-1.19863640915741,0.334536646943068,0.000339703260519899,0.00243615365929223,202.586761813272,88.1877459016943,"down"
"panel","TMC","TMC","Tmc8",65.3562558409636,-0.715584414019382,0.353218184319182,0.0427751219310655,0.108512809317236,81.2366937004467,49.4758179814806,"ns"
"panel","TRPV","TRPV","Trpv2",63.7336180406261,-0.277887115342965,0.504451670214592,0.58172303358465,0.718903502676112,70.0811977483228,57.3860383329294,"ns"
"panel","TMEM16","TMEM16","Ano2",70.5543939838842,0.16090466727416,0.365706863313348,0.659949688441084,0.779707362191262,66.6650936855301,74.4436942822384,"ns"
"panel","ClC","ClC","Clcn5",117.154809604002,-0.820195513064754,0.361288027901811,0.0231955463394299,0.0680847126872666,149.73157947822,84.5780397297841,"ns"
"panel","TRPC","TRPC","Trpc3",39.6002768566595,-1.14496929760846,0.466178518534377,0.0140463928812245,0.0462056599476734,54.435606443708,24.764947269611,"down"
"panel","TMEM150C","TMEM150C","Tmem150c",44.0041551949315,0.240144505588838,0.41832208508216,0.565923108481015,0.706569610919559,39.9067712890244,48.1015391008387,"ns"
"panel","ENaC/ASIC","ENaC/ASIC","Asic1",42.6276157966975,-0.292174859632869,0.548637964113484,0.594348009237806,0.728439230296963,47.0698158286328,38.1854157647622,"ns"
"panel","TMEM16","TMEM16","Ano4",30.8277321410276,-1.47888714877737,0.481992083077988,0.00215294070087126,0.0106161194116805,45.7066640271861,15.9488002548691,"down"
"panel","TRPV","TRPV","Trpv4",22.8569170767935,0.0853890139542332,0.540471363479886,0.874464761351302,0.92564670080364,22.1963552689064,23.5174788846807,"ns"
"panel","TRPC","TRPC","Trpc6",12.2732428952121,-1.29335705234347,0.739013804316808,0.0800989602644561,0.174161320990793,17.6429947590892,6.90349103133507,"ns"
"panel","PIEZO","PIEZO","Piezo2",32.6258129516647,-2.82288003055304,0.603232305671949,2.87448774763896e-06,4.68169383438158e-05,56.6028639186697,8.6487619846598,"down"
"panel","ClC","ClC","Clcn1",37.5735927614412,0.775004142592591,0.415695845095002,0.0622720314713929,0.144213286702191,27.6265132113424,47.5206723115401,"ns"
"panel","K2P","remaining K2P","Kcnk5",13.2748548357349,-0.608895493267281,0.763454378452613,0.425129810586195,0.583671024149732,16.2061975022157,10.343512169254,"ns"
"panel","ENaC/ASIC","ENaC/ASIC","Scnn1a",10.7122271071535,-1.47460868433828,0.629772780611609,0.0192067757552712,0.0586884971247834,15.9159929839636,5.50846123034341,"ns"
"panel","K2P","remaining K2P","Kcnk1",12.5386878927882,0.520127161634348,0.932733562697306,0.577091980917945,0.715318838630496,10.3138686384967,14.7635071470796,"ns"
"panel","K2P","remaining K2P","Kcnk13",12.1070531422699,0.352061338645131,0.767103940463374,0.646271022051185,0.769849570144266,10.7589006580029,13.455205626537,"ns"
"panel","TRPM","TRPM","Trpm2",22.0492226773511,0.589636445743747,0.710775511551026,0.406783213792472,0.566773947344908,17.7926203942585,26.3058249604438,"ns"
"panel","TRPML","TRPML","Mcoln3",6.93715007263857,0.516854048268217,0.978565019888919,0.597377546876849,0.730658616367091,5.72058520974864,8.1537149355285,"ns"
"panel","TRPC","TRPC","Trpc4",4.61585023028798,-2.32709049875272,1.03579259151047,0.024660732355201,0.0711110505150306,7.58880187011939,1.64289859045657,"ns"
"panel","TRPV","TRPV","Trpv1",5.04711374370695,-0.763356784560349,1.05585727324073,0.469696190669023,0.625373102944446,6.43078040906404,3.66344707834986,"ns"
"panel","ENaC/ASIC","ENaC/ASIC","Asic2",3.77977058179977,-1.55314451145819,1.03962380626875,0.135189058967302,0.258013899284412,5.72995600102788,1.82958516257166,"ns"
"panel","TMEM63","TMEM63","Tmem63c",10.1325567284418,-0.185980096045955,0.958833105296532,0.846203260591875,0.908604316829269,10.9102788234792,9.35483463340439,"ns"
"panel","K2P","remaining K2P","Kcnk7",3.04884898271756,-0.388702784643313,1.09368545979016,0.722285173662997,0.825835705310303,3.40373918610902,2.69395877932611,"ns"
"panel","TRPP","TRPP","Pkd2l2",7.67542065301702,2.13559484987183,0.794997342197032,0.00722499579898982,0.0273947099938985,2.85326397797179,12.4975773280623,"up"
"panel","TRPM","TRPM","Trpm5",4.72267942099465,-0.501275670935655,0.839931366250892,0.550637235978616,0.694065030044668,5.57292071909366,3.87243812289564,"ns"
"panel","KCNMA1","KCNMA1","Kcnma1",3.56003117299397,-1.45716152412357,1.21199627320682,0.229254217870384,0.378751487826704,5.26061329810922,1.85944904787871,"ns"
"panel","LRRC8","LRRC8","Lrrc8e",2.71209270138416,0.0240369874987192,1.25650804143373,0.984737406462259,0.990499440994018,2.58500992611757,2.83917547665076,"ns"
"panel","TMEM16","TMEM16","Ano3",2.99366344105718,-1.58928659266895,1.22409695377891,0.194172616380155,0.33598016400162,4.57686809170081,1.41045879041355,"ns"
"panel","ENaC/ASIC","ENaC/ASIC","Asic4",2.33123214943709,1.36129679509915,1.48898169441852,0.36058716172506,0.522725982424215,1.29614547425553,3.36631882461866,"ns"
"panel","ENaC/ASIC","ENaC/ASIC","Asic3",NA,NA,NA,NA,NA,NA,NA,"n.d."
"panel","TRPM","TRPM","Trpm8",2.78733311488643,0.532468876608397,1.12316094052044,0.635442391566591,0.761023025617655,2.23174000804788,3.34292622172497,"ns"
"panel","TRPM","TRPM","Trpm1",1.20620451441718,-0.983877968321805,2.52571961348572,0.696874047548349,NA,1.62105379551262,0.791355233321736,"n.t."
"panel","TMC","TMC","Tmc5",NA,NA,NA,NA,NA,NA,NA,"n.d."
"panel","TRPP","TRPP","Pkd2l1",NA,NA,NA,NA,NA,NA,NA,"n.d."
"panel","K2P","TREK/TRAAK","Kcnk10",1.50091021147845,-0.309784524282932,1.85591235174891,0.867434847016519,NA,1.61862678804813,1.38319363490877,"n.t."
"panel","TRPML","TRPML","Mcoln2",16.9101461045546,5.57801627550741,1.02798728575845,5.75816113999242e-08,1.66344748273791e-06,0.535120674398331,33.2851715347108,"up"
"panel","TRPC","TRPC","Trpc5",1.8883422967188,-0.461491247716518,1.51570800205768,0.76076801952398,0.852488340969107,2.13378600298103,1.64289859045657,"ns"
"panel","TRPM","TRPM","Trpm3",1.40147189638297,-0.24596738217195,1.83471497806981,0.893352762335971,NA,1.52631928686219,1.27662450590375,"n.t."
"panel","TRPP","TRPP","Pkd1l1",1.96323949916043,-0.243747162035461,1.7264802353608,0.8877265181332,0.933877109054085,2.1645852198351,1.76189377848577,"ns"
"panel","TRPC","TRPC","Trpc2",NA,NA,NA,NA,NA,NA,NA,"n.d."
"panel","TMC","TMC","Tmc1",NA,NA,NA,NA,NA,NA,NA,"n.d."
"panel","TRPV","TRPV","Trpv3",NA,NA,NA,NA,NA,NA,NA,"n.d."
"panel","TMEM16","TMEM16","Ano9",1.10443690351554,1.9084702184928,2.2807649961307,0.402723220992334,NA,0.43473966186698,1.7741341451641,"n.t."
"panel","TRPP","TRPP","Pkd1l2",NA,NA,NA,NA,NA,NA,NA,"n.d."
"panel","ENaC/ASIC","ENaC/ASIC","Asic5",NA,NA,NA,NA,NA,NA,NA,"n.d."
"panel","TMC","TMC","Tmc4",NA,NA,NA,NA,NA,NA,NA,"n.d."
"panel","K2P","remaining K2P","Kcnk15",NA,NA,NA,NA,NA,NA,NA,"n.d."
"panel","TRPP","TRPP","Pkd1l3",NA,NA,NA,NA,NA,NA,NA,"n.d."
"panel","K2P","remaining K2P","Kcnk16",NA,NA,NA,NA,NA,NA,NA,"n.d."
"panel","TRPV","TRPV","Trpv6",NA,NA,NA,NA,NA,NA,NA,"n.d."
"panel","TRPA","TRPA","Trpa1",NA,NA,NA,NA,NA,NA,NA,"n.d."
"panel","TRPM","TRPM","Trpm6",NA,NA,NA,NA,NA,NA,NA,"n.d."
"panel","TMEM16","TMEM16","Ano7",NA,NA,NA,NA,NA,NA,NA,"n.d."
"panel","TRPV","TRPV","Trpv5",NA,NA,NA,NA,NA,NA,NA,"n.d."
"panel","ENaC/ASIC","ENaC/ASIC","Scnn1b",NA,NA,NA,NA,NA,NA,NA,"n.d."
"panel","ENaC/ASIC","ENaC/ASIC","Scnn1g",NA,NA,NA,NA,NA,NA,NA,"n.d."
"panel","K2P","remaining K2P","Kcnk12",NA,NA,NA,NA,NA,NA,NA,"n.d."
"panel","K2P","remaining K2P","Kcnk9",NA,NA,NA,NA,NA,NA,NA,"n.d."
"panel","K2P","remaining K2P","Kcnk18",NA,NA,NA,NA,NA,NA,NA,"n.d."
"panel","TRPC","TRPC","Trpc7",NA,NA,NA,NA,NA,NA,NA,"n.d."
"panel","K2P","TREK/TRAAK","Kcnk4",2.60364320000258,4.77010815085927,1.68848600799796,0.00472688038650366,0.0196900425313044,0,5.20728640000517,"up"
"panel","ENaC/ASIC","ENaC/ASIC","Scnn1d",NA,NA,NA,NA,NA,NA,NA,"n.d."
"panel","TMC","TMC","Tmc3",NA,NA,NA,NA,NA,NA,NA,"n.d."
"panel","TMC","TMC","Tmc2",NA,NA,NA,NA,NA,NA,NA,"n.d."
"panel","K2P","remaining K2P","Kcnk17",NA,NA,NA,NA,NA,NA,NA,"n.d."
"module (Fig. 1)","Immune","Immune","Ptprc",189.788347369964,0.629821810828822,0.464420489417322,0.175052841429072,0.311499693623227,149.040478508343,230.536216231586,"ns"
"module (Fig. 1)","Immune","Immune","Cd68",172.310050975873,0.124390591366738,0.46968503593364,0.791134022823016,0.872452308793449,165.245422172668,179.374679779079,"ns"
"module (Fig. 1)","Immune","Immune","Adgre1",695.610057889786,-0.0879742261315241,0.798545414957478,0.912276065720472,0.947922125971209,716.880631294016,674.339484485556,"ns"
"module (Fig. 1)","Immune","Immune","Mrc1",302.455447798905,-0.0840734881324525,0.440492327719226,0.848633282923191,0.910170917957251,311.454555929193,293.456339668617,"ns"
"module (Fig. 1)","Immune","Immune","Csf1r",664.385064246009,-0.732058641547992,0.605911182033604,0.226972403586808,0.376128173243692,829.616885563727,499.153242928291,"ns"
"module (Fig. 1)","Fibroblast identity","Fibroblast identity","Tcf21",94.2580022082716,-0.820902615744588,0.453224577642721,0.0701022983395451,0.157555482688826,120.640187699235,67.8758167173081,"ns"
"module (Fig. 1)","Fibroblast identity","Fibroblast identity","Pdgfra",468.125165992617,-0.748892857291878,0.412689765999427,0.0695757112447129,0.156655881031086,587.211274839964,349.039057145269,"ns"
"module (Fig. 1)","Matrix production","Matrix production","Col1a1",4482.1409614959,-2.8282861347426,0.625453437468627,6.12646827841158e-06,8.86505168722319e-05,7858.13551850158,1106.14640449022,"down"
"module (Fig. 1)","Matrix production","Matrix production","Col3a1",11781.3800449908,-2.81895796381177,0.384116961802464,2.15515681765695e-13,2.00095361861818e-11,20638.5204750912,2924.23961489043,"down"
"module (Fig. 1)","Matrix production","Matrix production","Postn",208.430292576568,-2.78112624008308,0.373497182813589,9.60836663302495e-14,9.37193603834714e-12,364.008363591497,52.8522215616391,"down"
"module (Fig. 1)","Matrix production","Matrix production","Eln",1338.51678541403,-2.83458721948862,0.645539250042681,1.12810948028793e-05,0.000149513257990527,2348.1765551205,328.857015707567,"down"
"module (Fig. 1)","Matrix production","Matrix production","Fbn1",1887.27412597129,-2.56987952299455,0.613044789234961,2.76514415329666e-05,0.000315015963185935,3230.62298203543,543.925269907155,"down"
"module (Fig. 6)","Caveolae","Caveolae","Cav1",9325.496360119,-0.891617363804927,0.231023910775963,0.000113658343939355,0.00100220221811838,12118.9572410792,6532.03547915884,"down"
"module (Fig. 6)","Caveolae","Caveolae","Cav2",1268.18903369875,-0.594705990812539,0.281945382183544,0.0349191243126348,0.0927863232806805,1525.40685805775,1010.97120933974,"ns"
"module (Fig. 6)","Caveolae","Caveolae","Cav3",7465.46641819496,-0.429652379099834,0.127962000055723,0.000786063691133689,0.00477829221569391,8568.98458547169,6361.94825091822,"down"
"module (Fig. 6)","Caveolae","Caveolae","Cavin1",3185.40843494782,-0.067624974657351,0.145655683372263,0.642447377496157,0.766662407594219,3260.37897329899,3110.43789659665,"ns"
"module (Fig. 6)","Caveolae","Caveolae","Cavin2",5988.85481125398,0.15967599225091,0.121887185849455,0.19018534791226,0.331027369468938,5657.03840942166,6320.6712130863,"ns"
"module (Fig. 6)","Caveolae","Caveolae","Cavin3",5539.92277971347,0.17075189287859,0.186837261316843,0.360765681688529,0.522882858792574,5213.01570998948,5866.82984943747,"ns"
"module (Fig. 6)","Caveolae","Caveolae","Cavin4",3523.86585107442,0.252136204642378,0.207282342017345,0.223836324224732,0.372643051460378,3215.85211688062,3831.87958526821,"ns"
"module (Fig. 6)","Tethers","Tethers","Flna",3611.28856025607,-1.87553717699129,0.285601285177974,5.13468460853428e-11,3.12801383064464e-09,5676.10466625803,1546.47245425411,"down"
"module (Fig. 6)","Tethers","Tethers","Ddr1",1325.01333185744,-0.924839266864963,0.224272523226605,3.72786323425243e-05,0.000404772742170674,1735.93554641376,914.091117301113,"down"
"module (Fig. 6)","Tethers","Tethers","Ddr2",521.612504114335,-0.843049453788572,0.372121562070765,0.0234806872409775,0.0687011298181044,670.078255353918,373.146752874751,"ns"
"module (Fig. 6)","Tethers","Tethers","Itgb1",10920.4509559577,-0.259214594224043,0.145020506748848,0.0738673596013067,0.163833047700292,11898.142823838,9942.75908807738,"ns"
"module (Fig. 6)","Tethers","Tethers","Itgb5",3490.97706993468,-0.486951695911894,0.165690014687819,0.00329345261634236,0.0148060394419824,4075.16690305264,2906.78723681672,"down"
"module (Fig. 6)","Tethers","Tethers","Ilk",4526.56178120852,-0.0955709059767968,0.138162706394618,0.489108644245055,0.642195479450116,4676.73312354133,4376.39043887571,"ns"
"module (Fig. 6)","Basement membrane","Basement membrane","Col4a1",21048.7595852553,-2.2551572212075,0.28704948043643,3.95532565377112e-15,4.8360819718855e-13,34806.4918823496,7291.02728816111,"down"
"module (Fig. 6)","Basement membrane","Basement membrane","Col4a2",17050.3082036818,-2.20413756612064,0.256669529389914,8.89183391372171e-18,1.5135296118631e-15,28019.8282312085,6080.78817615509,"down"
"module (Fig. 6)","Basement membrane","Basement membrane","Nid2",812.612816863022,-2.64913835906259,0.335114584365867,2.67564344921232e-15,3.35557586476912e-13,1401.69489422548,223.530739500568,"down"
"module (Fig. 6)","Basement membrane","Basement membrane","Hspg2",12853.4159187292,-1.74371499880628,0.252067236077424,4.59170291397346e-12,3.39238919116627e-10,19795.9208738992,5910.91096355931,"down"
"module (Fig. 1)","Cardiomyocyte","Cardiomyocyte","Myh6",1161037.32046719,-0.961637311693441,0.193288737257764,6.52026188095092e-07,1.30556986104736e-05,1534267.9460453,787806.694889084,"down"
"module (Fig. 1)","Cardiomyocyte","Cardiomyocyte","Myh7",225666.132716038,1.70091972476971,0.324385451253849,1.57546665168664e-07,3.88540511457151e-06,106169.034773693,345163.230658383,"up"
