family,gene,mean_TPM_sham,mean_TPM_rLLB,padj_DESeq2,log2FC_DESeq2,status,rank_sham_TPM
K2P,Kcnk3,25.79,32.11,0.5571,0.2075,ns,1
TMEM16,Ano10,18.12,17.18,0.6373,-0.132,ns,2
TMEM63,Tmem63b,11.47,7.918,0.00337,-0.5796,down,3
LRRC8,Lrrc8a,8.964,6.821,0.04659,-0.4341,down,4
ClC,Clcn3,6.767,7.772,0.3705,0.2343,ns,5
TRPML,Mcoln1,5.42,5.473,0.9777,-0.007184,ns,6
K2P,Kcnk2,4.479,1.938,8.116e-07,-1.189,down,7
LRRC8,Lrrc8b,3.721,2.174,0.006045,-0.6028,down,8
TMEM16,Ano5,3.431,6.085,0.4407,0.8283,ns,9
TMC,Tmc6,2.796,0.9633,1.487e-15,-1.619,down,10
LRRC8,Lrrc8c,2.767,1.571,0.006485,-0.9001,down,11
ClC,Clcn7,2.759,1.737,2.893e-05,-0.7443,down,12
TMEM16,Ano6,2.73,1.323,0.0001096,-1.098,down,13
TRPM,Trpm7,2.271,2.261,0.9968,0.001491,ns,14
LRRC8,Lrrc8d,2.143,1.358,0.01784,-0.6514,down,15
ClC,Clcn4,2.059,2.582,0.312,0.3141,ns,16
TRPP,Pkd1,2.032,0.9139,5.122e-05,-1.234,down,17
TRPP,Pkd2,2.024,1.483,0.1549,-0.453,ns,18
TMEM16,Ano8,1.929,1.261,0.0004491,-0.631,down,19
TRPC,Trpc1,1.651,1.489,0.6322,-0.1507,ns,20
TMEM63,Tmem63a,1.617,0.7911,7.92e-05,-1.134,down,21
ClC,Clcn2,1.399,1.379,0.8898,-0.07402,ns,22
TMC,Tmc7,1.349,0.7349,0.00999,-0.9658,down,23
ClC,Clcn6,1.235,0.8227,0.02151,-0.7489,down,24
TRPM,Trpm4,0.996,0.7252,0.02808,-0.497,down,25
PIEZO,Piezo1,0.9257,0.3545,0.0001368,-1.473,down,26
K2P,Kcnk6,0.8817,0.528,0.07087,-0.7576,ns,27
TMEM16,Ano1,0.676,0.2881,0.002436,-1.199,down,28
TMC,Tmc8,0.4205,0.2397,0.1085,-0.7156,ns,29
TRPV,Trpv2,0.3731,0.3301,0.7189,-0.2779,ns,30
TMEM16,Ano2,0.2962,0.3399,0.7797,0.1609,ns,31
ClC,Clcn5,0.2592,0.1343,0.06808,-0.8202,ns,32
TRPC,Trpc3,0.2433,0.1093,0.04621,-1.145,down,33
TMEM150C,Tmem150c,0.2257,0.2563,0.7066,0.2401,ns,34
ENaC/ASIC,Asic1,0.1929,0.1563,0.7284,-0.2922,ns,35
TMEM16,Ano4,0.1619,0.05507,0.01062,-1.479,down,36
TRPV,Trpv4,0.1045,0.1105,0.9256,0.08539,ns,37
TRPC,Trpc6,0.09625,0.03602,0.1742,-1.293,ns,38
PIEZO,Piezo2,0.08089,0.01342,4.682e-05,-2.823,down,39
ClC,Clcn1,0.07437,0.1695,0.1442,0.775,ns,40
K2P,Kcnk5,0.06948,0.04849,0.5837,-0.6089,ns,41
ENaC/ASIC,Scnn1a,0.06612,0.02436,0.05869,-1.475,ns,42
K2P,Kcnk1,0.05948,0.08467,0.7153,0.5201,ns,43
K2P,Kcnk13,0.05754,0.08748,0.7698,0.3521,ns,44
TRPM,Trpm2,0.04441,0.07758,0.5668,0.5896,ns,45
TRPML,Mcoln3,0.04188,0.06086,0.7307,0.5169,ns,46
TRPC,Trpc4,0.03892,0.009261,0.07111,-2.327,ns,47
TRPV,Trpv1,0.03515,0.01873,0.6254,-0.7634,ns,48
ENaC/ASIC,Asic2,0.03502,0.01086,0.258,-1.553,ns,49
TMEM63,Tmem63c,0.03326,0.03648,0.9086,-0.186,ns,50
K2P,Kcnk7,0.02082,0.01429,0.8258,-0.3887,ns,51
TRPP,Pkd2l2,0.01937,0.07668,0.02739,2.136,up,52
TRPM,Trpm5,0.0177,0.01582,0.6941,-0.5013,ns,53
KCNMA1,Kcnma1,0.01541,0.004038,0.3788,-1.457,ns,54
LRRC8,Lrrc8e,0.01225,0.01157,0.9905,0.02404,ns,55
TMEM16,Ano3,0.01058,0.00261,0.336,-1.589,ns,56
ENaC/ASIC,Asic4,0.007031,0.02215,0.5227,1.361,ns,57
ENaC/ASIC,Asic3,0.00664,0,,,n.t.,58
TRPM,Trpm8,0.005952,0.007491,0.761,0.5325,ns,59
TRPM,Trpm1,0.005479,0.004304,,-0.9839,n.t.,60
TMC,Tmc5,0.005166,0.002646,,,n.t.,61
TRPP,Pkd2l1,0.004984,0.005045,,,n.t.,62
K2P,Kcnk10,0.004065,0.006892,,-0.3098,n.t.,63
TRPML,Mcoln2,0.004005,0.1927,1.663e-06,5.578,up,64
TRPC,Trpc5,0.004004,0.005078,0.8525,-0.4615,ns,65
TRPM,Trpm3,0.003474,0.002207,,-0.246,n.t.,66
TRPP,Pkd1l1,0.003277,0.002475,0.9339,-0.2437,ns,67
TRPC,Trpc2,0.003261,0,,,n.t.,68
TMC,Tmc1,0.002989,0.002016,,,n.t.,69
TRPV,Trpv3,0.002795,0.004537,,,n.t.,70
TMEM16,Ano9,0.002703,0.01155,,1.908,n.t.,71
TRPP,Pkd1l2,0.002495,0,,,n.t.,72
ENaC/ASIC,Asic5,0.001821,0.00435,,,n.t.,73
TMC,Tmc4,0.001762,0.003354,,,n.t.,74
K2P,Kcnk15,0.001641,0,,,n.t.,75
TRPP,Pkd1l3,0.00154,0.002214,,,n.t.,76
K2P,Kcnk16,0.001455,0.003495,,,n.t.,77
TRPV,Trpv6,0.001364,0,,,n.t.,78
TRPA,Trpa1,0.000973,0,,,n.t.,79
TRPM,Trpm6,0.0005745,0.001106,,,n.t.,80
TMEM16,Ano7,0,0,,,n.t.,81
TRPV,Trpv5,0,0,,,n.t.,81
ENaC/ASIC,Scnn1b,0,0,,,n.t.,81
ENaC/ASIC,Scnn1g,0,0,,,n.t.,81
K2P,Kcnk12,0,0,,,n.t.,81
K2P,Kcnk9,0,0,,,n.t.,81
K2P,Kcnk18,0,0,,,n.t.,81
TRPC,Trpc7,0,0.002225,,,n.t.,81
K2P,Kcnk4,0,0.04465,0.01969,4.77,up,81
ENaC/ASIC,Scnn1d,0,0,,,n.t.,81
TMC,Tmc3,0,0,,,n.t.,81
TMC,Tmc2,0,0,,,n.t.,81
K2P,Kcnk17,,,,,n.d.,