"gene_id","rule","Bw1","Bw2","Bw3","Bw4","R004","R005","R006","R007"
"ATP6","mitochondrial",2940453,1838078,2947693,2764327,3008402,2907167,2966340,2840749
"ATP8","mitochondrial",425623,289437,376052,385030,401270,373532,461888,384445
"COX1","mitochondrial",8692493,6218714,9659491,8154763,10943640,10362741,10452082,10395728
"COX2","mitochondrial",2702692,1954098,3302014,2701540,2605436,2288834,2609087,2358765
"COX3","mitochondrial",4009979,2293584,4256583,3153965,3766588,3480826,4046765,3281027
"CYTB","mitochondrial",2453649,1612905,2098255,2169879,2923045,2411340,2645426,2304320
"ND1","mitochondrial",1608735,1170441,1373307,1760444,1735209,1513709,1741868,1722348
"ND2","mitochondrial",1789635,970105,1738746,1385752,1427194,1260915,1575492,1473187
"ND3","mitochondrial",556241,361463,905746,526293,417029,403100,497715,393180
"ND4","mitochondrial",1753200,1042177,1448926,1223113,1259231,886980,1247350,1001391
"ND4L","mitochondrial",137265,83823,115670,91185,145020,73875,123698,89679
"ND5","mitochondrial",689586,434064,483025,547729,695945,430307,702422,536383
"ND6","mitochondrial",181472,113079,139289,161760,8929,3615,7586,5379
"Rn18s","Rn_prefix_lt8",7524,3643,4135,7038,0,0,0,0
"Rn28s","Rn_prefix_lt8",2442,3282,1656,5246,0,0,0,0
"Rn45s","Rn_prefix_lt8",4091,2582,1509,5006,18,11,8,10
"Rn5-8s","Rn_prefix_lt8",0,0,0,0,0,0,0,0
"Rn5s","Rn_prefix_lt8",0,0,0,0,0,0,0,0
"Rn7sl1","Rn_prefix_lt8",2665,3784,1952,3871,77,63,57,111
"Rnase1","Rn_prefix_lt8",129,38,127,184,37,25,48,23
"Rnase10","Rn_prefix_lt8",2,0,0,0,1,0,0,0
"Rnase11","Rn_prefix_lt8",6,4,5,2,0,3,0,0
"Rnase12","Rn_prefix_lt8",0,0,0,0,0,1,0,0
"Rnase13","Rn_prefix_lt8",0,0,0,0,0,0,0,0
"Rnase17","Rn_prefix_lt8",0,0,0,0,0,0,1,0
"Rnase2","Rn_prefix_lt8",0,0,2,0,0,0,2,0
"Rnase3","Rn_prefix_lt8",0,0,0,0,0,0,0,2
"Rnase4","Rn_prefix_lt8",903,164,750,847,849,734,543,181
"Rnase6","Rn_prefix_lt8",16,11,7,11,3,3,1,0
"Rnase9","Rn_prefix_lt8",0,0,0,0,0,0,0,0
"Rnaseh1","Rn_prefix_lt8",159,61,149,117,186,91,105,95
"Rnasek","Rn_prefix_lt8",4162,2231,3962,5298,4215,3656,3332,3587
"Rnasel","Rn_prefix_lt8",92,41,60,84,242,115,108,92
"Rnaset2","Rn_prefix_lt8",3420,1322,3909,2950,2117,1884,1806,1646
"Rnd1","Rn_prefix_lt8",875,377,470,371,454,354,648,503
"Rnd2","Rn_prefix_lt8",74,6,54,39,93,101,32,27
"Rnd3","Rn_prefix_lt8",864,476,450,701,577,281,471,291
"Rnf10","Rn_prefix_lt8",10605,6457,9265,18356,14532,10545,11997,11593
"Rnf103","Rn_prefix_lt8",658,255,597,501,888,322,450,363
"Rnf111","Rn_prefix_lt8",848,446,627,871,1072,534,854,670
"Rnf112","Rn_prefix_lt8",2,2,1,2,0,5,7,0
"Rnf114","Rn_prefix_lt8",3558,2026,3739,3886,4948,4839,3987,4635
"Rnf115","Rn_prefix_lt8",4560,2666,4810,4915,3968,2222,3161,2733
"Rnf11l1","Rn_prefix_lt8",4959,2843,5146,5512,6923,3385,5259,4010
"Rnf11l2","Rn_prefix_lt8",6,3,8,5,6,3,7,3
"Rnf121","Rn_prefix_lt8",349,151,319,326,376,252,255,235
"Rnf122","Rn_prefix_lt8",769,325,611,874,1124,832,820,696
"Rnf123","Rn_prefix_lt8",2443,1737,2189,4390,3315,2603,2731,3170
"Rnf125","Rn_prefix_lt8",66,23,44,31,69,32,53,18
"Rnf126","Rn_prefix_lt8",712,338,581,904,561,364,393,503
"Rnf128","Rn_prefix_lt8",1467,715,1036,1142,1954,738,1169,1000
"Rnf13","Rn_prefix_lt8",3117,1311,2518,2416,2373,1203,1782,1486
"Rnf130","Rn_prefix_lt8",2541,1117,2274,2564,1887,1041,1154,1016
"Rnf133","Rn_prefix_lt8",0,0,1,0,0,0,1,1
"Rnf135","Rn_prefix_lt8",344,146,326,404,535,326,342,348
"Rnf138","Rn_prefix_lt8",386,161,364,325,345,162,212,168
"Rnf139","Rn_prefix_lt8",2174,1088,2251,1898,2099,1043,1429,1410
"Rnf14","Rn_prefix_lt8",5942,3095,5727,5742,4222,2592,3501,3056
"Rnf144a","Rn_prefix_lt8",247,131,209,381,928,513,403,200
"Rnf144b","Rn_prefix_lt8",1360,717,914,1109,1109,650,1000,811
"Rnf145","Rn_prefix_lt8",461,154,371,366,658,311,341,193
"Rnf146","Rn_prefix_lt8",1911,891,1852,1619,1374,666,1040,822
"Rnf148","Rn_prefix_lt8",0,0,0,0,0,0,1,0
"Rnf149","Rn_prefix_lt8",805,321,560,671,923,339,554,477
"Rnf150","Rn_prefix_lt8",531,223,350,669,657,308,370,421
"Rnf151","Rn_prefix_lt8",286,139,400,337,155,148,115,117
"Rnf152","Rn_prefix_lt8",262,166,235,233,432,124,347,243
"Rnf157","Rn_prefix_lt8",47,24,22,42,105,86,64,36
"Rnf165","Rn_prefix_lt8",0,0,0,4,12,0,4,0
"Rnf166","Rn_prefix_lt8",1175,699,1303,1243,1291,805,974,975
"Rnf167","Rn_prefix_lt8",3299,1852,2992,3593,4066,3277,3084,3158
"Rnf168","Rn_prefix_lt8",330,148,317,364,384,146,241,197
"Rnf169","Rn_prefix_lt8",321,219,243,391,560,274,315,237
"Rnf17","Rn_prefix_lt8",0,0,0,0,0,0,0,0
"Rnf170","Rn_prefix_lt8",861,397,717,672,932,317,670,471
"Rnf180","Rn_prefix_lt8",47,9,41,29,48,32,23,21
"Rnf181","Rn_prefix_lt8",1403,803,1646,1523,1364,1078,1056,1076
"Rnf182","Rn_prefix_lt8",3,1,2,4,7,9,5,3
"Rnf183","Rn_prefix_lt8",0,0,0,0,0,0,0,0
"Rnf185","Rn_prefix_lt8",1540,768,1344,1732,1880,1244,1492,1425
"Rnf186","Rn_prefix_lt8",0,0,0,2,0,0,0,0
"Rnf187","Rn_prefix_lt8",3109,1746,2904,4530,4103,2613,3176,3312
"Rnf19a","Rn_prefix_lt8",1073,536,1034,1049,1392,757,938,741
"Rnf19b","Rn_prefix_lt8",909,420,798,964,741,536,541,589
"Rnf2","Rn_prefix_lt8",1451,842,1738,1621,1698,857,1232,974
"Rnf20","Rn_prefix_lt8",1108,512,827,966,1233,527,942,752
"Rnf207","Rn_prefix_lt8",2459,1394,1801,2220,2314,1405,2004,1446
"Rnf208","Rn_prefix_lt8",35,28,27,55,7,5,4,8
"Rnf212","Rn_prefix_lt8",15,12,4,13,7,7,4,7
"Rnf212b","Rn_prefix_lt8",0,0,0,0,0,0,0,0
"Rnf213","Rn_prefix_lt8",1051,498,928,1055,2784,3873,1198,2248
"Rnf214","Rn_prefix_lt8",2385,1146,1998,2222,1417,717,1075,963
"Rnf215","Rn_prefix_lt8",241,99,186,244,498,269,239,177
"Rnf216","Rn_prefix_lt8",1002,458,749,1073,1493,941,1103,1034
"Rnf217","Rn_prefix_lt8",536,319,391,728,436,312,314,383
"Rnf220","Rn_prefix_lt8",1272,523,1354,1432,1647,1095,1001,969
"Rnf222","Rn_prefix_lt8",0,0,0,0,0,0,1,0
"Rnf223","Rn_prefix_lt8",14,3,0,15,24,7,8,14
"Rnf224","Rn_prefix_lt8",4,8,0,2,0,0,0,0
"Rnf225","Rn_prefix_lt8",2,2,2,2,0,1,3,0
"Rnf227","Rn_prefix_lt8",1,0,1,0,1,2,0,0
"Rnf24","Rn_prefix_lt8",25,1,9,4,4,6,10,4
"Rnf25","Rn_prefix_lt8",962,508,963,1101,933,704,836,753
"Rnf26","Rn_prefix_lt8",194,121,183,256,494,254,322,338
"Rnf31","Rn_prefix_lt8",816,591,841,1192,946,912,705,982
"Rnf32","Rn_prefix_lt8",172,60,90,102,21,5,7,9
"Rnf34","Rn_prefix_lt8",751,396,559,649,660,378,550,538
"Rnf38","Rn_prefix_lt8",733,374,443,780,1300,462,757,544
"Rnf39","Rn_prefix_lt8",35,4,18,32,16,18,24,7
"Rnf4","Rn_prefix_lt8",2914,1682,2397,3245,3018,2054,2402,2253
"Rnf40","Rn_prefix_lt8",1081,547,718,1256,1420,848,961,913
"Rnf41","Rn_prefix_lt8",1627,708,1487,1981,2076,1347,1628,1320
"Rnf43","Rn_prefix_lt8",169,78,160,214,204,54,137,131
"Rnf44","Rn_prefix_lt8",1227,748,1058,1725,1997,1226,1467,1403
"Rnf5","Rn_prefix_lt8",1597,867,1470,1694,1393,934,1029,1102
"Rnf6","Rn_prefix_lt8",1540,857,1280,1437,1971,691,1257,1001
"Rnf7","Rn_prefix_lt8",3567,1812,4237,3276,3581,2047,2256,2637
"Rnf8","Rn_prefix_lt8",613,333,509,661,521,339,453,397
"Rnft1","Rn_prefix_lt8",822,338,618,621,637,218,452,316
"Rnft2","Rn_prefix_lt8",44,19,11,49,55,38,20,42
"Rngtt","Rn_prefix_lt8",667,331,533,509,744,322,523,380
"Rnh1","Rn_prefix_lt8",3202,1696,3395,3387,3081,2855,2627,2725
"Rnls","Rn_prefix_lt8",229,117,220,240,225,161,174,156
"Rnmt","Rn_prefix_lt8",1014,577,1085,870,847,363,595,492
"Rnpc3","Rn_prefix_lt8",697,321,654,491,382,223,324,224
"Rnpep","Rn_prefix_lt8",822,591,1059,1390,2150,1921,1254,937
"Rnpepl1","Rn_prefix_lt8",4432,3272,3895,8046,5231,4662,4912,6642
"Rnps1","Rn_prefix_lt8",2833,1747,2721,3155,2823,1487,2103,1626
