"gene","ref_log2FC","R_log2FC","d_log2FC","lfc_ok","ref_padj","R_padj","ref_sig","R_sig","call_agrees","R_baseMean","noexcl_log2FC","noexcl_padj","noexcl_sig","strict_log2FC","strict_padj","strict_sig"
"Tmc6",-1.618,-1.61899155769611,-0.000991557696113032,TRUE,2.9e-20,1.59949127918633e-15,TRUE,TRUE,TRUE,391.83899512979,-1.61909389653947,1.48724237179382e-15,TRUE,-1.61900910854846,1.53063614876599e-15,TRUE
"Mcoln2",5.544,5.57846386264546,0.0344638626454614,TRUE,3.6e-08,1.68951420796518e-06,TRUE,TRUE,TRUE,16.9118720755988,5.57801627550741,1.66344748273791e-06,TRUE,5.57825708541466,1.67418835925075e-06,TRUE
"Kcnk2",-1.188,-1.1884209293544,-0.000420929354401522,TRUE,9.3e-08,8.07389682190187e-07,TRUE,TRUE,TRUE,678.704402917093,-1.18860068812394,8.11595968958626e-07,TRUE,-1.18844137928175,7.98745727067847e-07,TRUE
"Piezo2",-2.859,-2.82266591398527,0.0363340860147328,TRUE,4.7e-07,4.69915789462483e-05,TRUE,TRUE,TRUE,32.6271306800097,-2.82288003055304,4.68169383438158e-05,TRUE,-2.82258971467126,4.70214919905043e-05,TRUE
"Ano8",-0.63,-0.63094388310961,-0.000943883109610466,TRUE,6.6e-06,0.000463022297621963,TRUE,TRUE,TRUE,407.955759419318,-0.631040082621757,0.000449140728692845,TRUE,-0.630945077492312,0.000449465608205179,TRUE
"Tmem63a",-1.134,-1.1343408903525,-0.000340890352503287,TRUE,1e-05,7.94190659383213e-05,TRUE,TRUE,TRUE,267.738417608431,-1.13446727155221,7.91951342564783e-05,TRUE,-1.13437987693691,7.9038747032175e-05,TRUE
"Pkd1",-1.234,-1.23367193890341,0.00032806109659389,TRUE,3.4e-05,5.05126116210953e-05,TRUE,TRUE,TRUE,1287.91214098648,-1.23387866745368,5.12171888402527e-05,TRUE,-1.23374710953049,5.05040542974343e-05,TRUE
"Ano6",-1.098,-1.09796613966252,3.38603374800961e-05,TRUE,4.8e-05,0.00010923522041248,TRUE,TRUE,TRUE,779.72680338684,-1.09811740036632,0.000109645037567408,TRUE,-1.09802353254914,0.000108955304114532,TRUE
"Piezo1",-1.473,-1.47312123066724,-0.000121230667242678,TRUE,7.7e-05,0.000135422599787335,TRUE,TRUE,TRUE,358.507854912594,-1.4733255148782,0.000136799867775746,TRUE,-1.47323539019798,0.000135921603716914,TRUE
"Tmem63b",-0.58,-0.579472420381022,0.000527579618978091,TRUE,0.001,0.00337819570933266,TRUE,TRUE,TRUE,2132.50332490866,-0.579574783701288,0.00337039635468728,TRUE,-0.579463577398749,0.00334161935070968,TRUE
"Tmc7",-0.968,-0.965764477134099,0.00223552286590112,TRUE,0.0032,0.01002729266604,TRUE,TRUE,TRUE,149.001409119678,-0.96582099636934,0.00999044181246065,TRUE,-0.965681324964102,0.010009415248472,TRUE
"Trpm4",-0.502,-0.496868438472127,0.00513156152787325,TRUE,0.004,0.0283993930829554,TRUE,TRUE,TRUE,239.2382819945,-0.497048147311374,0.0280795509652399,TRUE,-0.49690373307299,0.0281666192503488,TRUE
"Kcnk3",0.207,0.207447852078327,0.000447852078327232,TRUE,0.53,0.557245325847438,FALSE,FALSE,TRUE,6654.67360794321,0.207509750250786,0.557061011665274,FALSE,0.20749980060538,0.557011819048624,FALSE
"Myh6",-0.962,-0.961564097296741,0.000435902703259217,TRUE,4.8e-06,1.32187919490688e-05,TRUE,TRUE,TRUE,1161147.17104561,-0.961637311693441,1.30556986104736e-05,TRUE,-0.961526508094728,1.3040860154223e-05,TRUE
"Myh7",1.701,1.70106242084136,6.24208413551042e-05,TRUE,6.3e-06,3.84952979875209e-06,TRUE,TRUE,TRUE,225705.191487722,1.70091972476971,3.88540511457151e-06,TRUE,1.70106653429306,3.87336951931673e-06,TRUE
"Col3a1",-2.819,-2.81874784398331,0.000252156016688154,TRUE,9.5e-07,1.94544272865877e-11,TRUE,TRUE,TRUE,11780.8998155854,-2.81895796381177,2.00095361861818e-11,TRUE,-2.8188748057376,1.98316968820523e-11,TRUE
